Question ID (machine readable),Response ID (machine readable),Response value,Answer requirement,Human-friendly question label
PSL_DATA_COLLECTION_COLLECTS_PERSONAL_DATA,,true,REQUIRED,هل يجمع تطبيقك أو يشارك أي نوع من أنواع بيانات المستخدمين المطلوبة؟
PSL_DATA_COLLECTION_ENCRYPTED_IN_TRANSIT,,true,MAYBE_REQUIRED,هل يتم تشفير جميع بيانات المستخدمين التي يجمعها تطبيقك أثناء نقلها؟
PSL_SUPPORTED_ACCOUNT_CREATION_METHODS,PSL_ACM_USER_ID_PASSWORD,true,MULTIPLE_CHOICE,ما هي طريقة إنشاء الحساب التي يوفِّرها تطبيقك؟ يُرجى اختيار جميع الطرق المتوفِّرة. / اسم المستخدم وكلمة المرور
PSL_SUPPORTED_ACCOUNT_CREATION_METHODS,PSL_ACM_USER_ID_OTHER_AUTH,,MULTIPLE_CHOICE,ما هي طريقة إنشاء الحساب التي يوفِّرها تطبيقك؟ يُرجى اختيار جميع الطرق المتوفِّرة. / اسم المستخدم وآليات مصادقة أخرى
PSL_SUPPORTED_ACCOUNT_CREATION_METHODS,PSL_ACM_USER_ID_PASSWORD_OTHER_AUTH,,MULTIPLE_CHOICE,ما هي طريقة إنشاء الحساب التي يوفِّرها تطبيقك؟ يُرجى اختيار جميع الطرق المتوفِّرة. / اسم المستخدم وكلمة المرور وطُرق أخرى للمصادقة
PSL_SUPPORTED_ACCOUNT_CREATION_METHODS,PSL_ACM_OAUTH,,MULTIPLE_CHOICE,ما هي طريقة إنشاء الحساب التي يوفِّرها تطبيقك؟ يُرجى اختيار جميع الطرق المتوفِّرة. / OAuth
PSL_SUPPORTED_ACCOUNT_CREATION_METHODS,PSL_ACM_OTHER,,MULTIPLE_CHOICE,ما هي طريقة إنشاء الحساب التي يوفِّرها تطبيقك؟ يُرجى اختيار جميع الطرق المتوفِّرة. / أخرى
PSL_SUPPORTED_ACCOUNT_CREATION_METHODS,PSL_ACM_NONE,,MULTIPLE_CHOICE,ما هي طريقة إنشاء الحساب التي يوفِّرها تطبيقك؟ يُرجى اختيار جميع الطرق المتوفِّرة. / لا يسمح التطبيق للمستخدم بإنشاء حساب
PSL_ACM_SPECIFY,,,MAYBE_REQUIRED,قدِّم وصفًا لطريقة إنشاء الحساب التي يوفِّرها تطبيقك
PSL_ACCOUNT_DELETION_URL,,https://docs.google.com/forms/d/e/1FAIpQLSdgLvjY-3ALURIoi6LVkn5BSuOyC3B46uo95_ck0vckQ6gMRw/viewform?usp=publish-editor,MAYBE_REQUIRED,أضِف رابطًا يتيح للمستخدم طلب حذف حسابه والبيانات المرتبطة به 
PSL_SUPPORT_DATA_DELETION_BY_USER,DATA_DELETION_YES,,SINGLE_CHOICE,هل يتم توفير طريقة للمستخدمين لطلب حذف بياناتهم؟ / نعم
PSL_SUPPORT_DATA_DELETION_BY_USER,DATA_DELETION_NO,true,SINGLE_CHOICE,هل يتم توفير طريقة للمستخدمين لطلب حذف بياناتهم؟ / لا
PSL_SUPPORT_DATA_DELETION_BY_USER,DATA_DELETION_NO_AUTO_DELETED,,SINGLE_CHOICE,هل يتم توفير طريقة للمستخدمين لطلب حذف بياناتهم؟ / لا، ولكن يتم حذف بيانات المستخدمين تلقائيًا خلال 90 يومًا
PSL_DATA_DELETION_URL,,,MAYBE_REQUIRED,عنوان URL لطلب حذف البيانات
PSL_DATA_COLLECTION_COMPLIES_FAMILY_POLICY,,,OPTIONAL,"لا تُجب عن هذا السؤال إلا إذا أشرت إلى أنّ الفئة العمرية التي يستهدفها تطبيقك تشمل الأطفال، أو كنت مشتركًا في برنامج ""التطبيقات المناسبة للعائلة"". وإذا كان أي مما سبق صحيحًا، عليك اتّباع سياسة العائلات في Google Play (https://support.google.com/googleplay/android-developer/answer/9893335). هل تريد السماح للمستخدمين بالتعرّف على هذا الالتزام في قسم ""أمان البيانات"" ضمن بطاقة بيانات المتجر؟"
PSL_INDEPENDENTLY_VALIDATED,,,OPTIONAL,"وفقًا لإطار عمل تقييم أمان تطبيقات الأجهزة الجوّالة (MASA)، هل خضع تطبيقك لمراجعة أمان مستقلة؟ عليك عدم الإجابة بـ ""نعم"" إلا إذا كانت نتائج المراجعة جيدة."
PSL_UPI_BADGE_OPT_IN,,,OPTIONAL,هل تريد عرض هذه الشارة على بطاقة بيانات المتجر؟
PSL_HAS_OUTSIDE_APP_ACCOUNTS,,,OPTIONAL,هل يمكن للمستخدمين تسجيل الدخول إلى تطبيقك باستخدام حسابات تم إنشاؤها خارج التطبيق؟
PSL_OUTSIDE_APP_ACCOUNT_TYPES,PSL_LOGIN_WITH_OUTSIDE_APP_ID,,MULTIPLE_CHOICE,كيف يتم إنشاء هذه الحسابات؟ / إحدى طرق إثبات الهوية خارج التطبيق (مثل ربط شريحة SIM أو الاشتراك في خدمة)
PSL_OUTSIDE_APP_ACCOUNT_TYPES,PSL_LOGIN_THROUGH_EMPLOYMENT_OR_ENTERPRISE_ACCOUNT,,MULTIPLE_CHOICE,كيف يتم إنشاء هذه الحسابات؟ / من خلال حسابات العمل أو حسابات الموظفين
PSL_OUTSIDE_APP_ACCOUNT_TYPES,PSL_OUTSIDE_APP_ACCOUNT_TYPE_OTHER,,MULTIPLE_CHOICE,كيف يتم إنشاء هذه الحسابات؟ / أخرى
PSL_OUTSIDE_APP_ACCOUNT_TYPE_SPECIFY,,,MAYBE_REQUIRED,يُرجى وصف كيفية إنشاء هذه الحسابات
PSL_DATA_TYPES_PERSONAL,PSL_NAME,true,MULTIPLE_CHOICE,المعلومات الشخصية / الاسم
PSL_DATA_TYPES_PERSONAL,PSL_EMAIL,true,MULTIPLE_CHOICE,المعلومات الشخصية / عنوان بريد إلكتروني
PSL_DATA_TYPES_PERSONAL,PSL_USER_ACCOUNT,true,MULTIPLE_CHOICE,المعلومات الشخصية / أرقام تعريف المستخدمين
PSL_DATA_TYPES_PERSONAL,PSL_ADDRESS,,MULTIPLE_CHOICE,المعلومات الشخصية / العنوان
PSL_DATA_TYPES_PERSONAL,PSL_PHONE,true,MULTIPLE_CHOICE,المعلومات الشخصية / رقم الهاتف
PSL_DATA_TYPES_PERSONAL,PSL_RACE_ETHNICITY,,MULTIPLE_CHOICE,المعلومات الشخصية / العِرق والأصل العِرقي
PSL_DATA_TYPES_PERSONAL,PSL_POLITICAL_RELIGIOUS,,MULTIPLE_CHOICE,المعلومات الشخصية / المعتقدات الدينية أو السياسية
PSL_DATA_TYPES_PERSONAL,PSL_SEXUAL_ORIENTATION_GENDER_IDENTITY,,MULTIPLE_CHOICE,المعلومات الشخصية / الميل الجنسي
PSL_DATA_TYPES_PERSONAL,PSL_OTHER_PERSONAL,,MULTIPLE_CHOICE,المعلومات الشخصية / معلومات أخرى
PSL_DATA_TYPES_FINANCIAL,PSL_CREDIT_DEBIT_BANK_ACCOUNT_NUMBER,,MULTIPLE_CHOICE,المعلومات المالية / معلومات الدفع الخاصة بالمستخدم
PSL_DATA_TYPES_FINANCIAL,PSL_PURCHASE_HISTORY,,MULTIPLE_CHOICE,المعلومات المالية / سجلّ الشراء
PSL_DATA_TYPES_FINANCIAL,PSL_CREDIT_SCORE,,MULTIPLE_CHOICE,المعلومات المالية / الجدارة الائتمانية
PSL_DATA_TYPES_FINANCIAL,PSL_OTHER,,MULTIPLE_CHOICE,المعلومات المالية / معلومات مالية أخرى
PSL_DATA_TYPES_LOCATION,PSL_APPROX_LOCATION,true,MULTIPLE_CHOICE,الموقع الجغرافي / الموقع الجغرافي التقريبي
PSL_DATA_TYPES_LOCATION,PSL_PRECISE_LOCATION,,MULTIPLE_CHOICE,الموقع الجغرافي / الموقع الجغرافي الدقيق
PSL_DATA_TYPES_SEARCH_AND_BROWSING,PSL_WEB_BROWSING_HISTORY,,MULTIPLE_CHOICE,تصفُّح الويب / سجلّ تصفُّح الويب
PSL_DATA_TYPES_EMAIL_AND_TEXT,PSL_EMAILS,,MULTIPLE_CHOICE,الرسائل / الرسائل الإلكترونية
PSL_DATA_TYPES_EMAIL_AND_TEXT,PSL_SMS_CALL_LOG,,MULTIPLE_CHOICE,الرسائل / الرسائل القصيرة (SMS) أو رسائل الوسائط المتعددة (MMS)
PSL_DATA_TYPES_EMAIL_AND_TEXT,PSL_OTHER_MESSAGES,true,MULTIPLE_CHOICE,الرسائل / الرسائل الأخرى داخل التطبيق
PSL_DATA_TYPES_PHOTOS_AND_VIDEOS,PSL_PHOTOS,true,MULTIPLE_CHOICE,الصور والفيديوهات / الصور
PSL_DATA_TYPES_PHOTOS_AND_VIDEOS,PSL_VIDEOS,,MULTIPLE_CHOICE,الصور والفيديوهات / الفيديوهات
PSL_DATA_TYPES_AUDIO,PSL_AUDIO,,MULTIPLE_CHOICE,الملفات الصوتية / التسجيلات الصوتية
PSL_DATA_TYPES_AUDIO,PSL_MUSIC,,MULTIPLE_CHOICE,الملفات الصوتية / ملفات الموسيقى
PSL_DATA_TYPES_AUDIO,PSL_OTHER_AUDIO,,MULTIPLE_CHOICE,الملفات الصوتية / الملفات الصوتية الأخرى
PSL_DATA_TYPES_HEALTH_AND_FITNESS,PSL_HEALTH,,MULTIPLE_CHOICE,الصحة واللياقة البدنية / معلومات عن الصحة
PSL_DATA_TYPES_HEALTH_AND_FITNESS,PSL_FITNESS,,MULTIPLE_CHOICE,الصحة واللياقة البدنية / معلومات عن اللياقة البدنية
PSL_DATA_TYPES_CONTACTS,PSL_CONTACTS,true,MULTIPLE_CHOICE,جهات الاتصال / جهات الاتصال
PSL_DATA_TYPES_CALENDAR,PSL_CALENDAR,,MULTIPLE_CHOICE,تقويم Google / أحداث التقويم
PSL_DATA_TYPES_APP_PERFORMANCE,PSL_CRASH_LOGS,,MULTIPLE_CHOICE,معلومات التطبيق وأداؤه / سجلّات الأعطال
PSL_DATA_TYPES_APP_PERFORMANCE,PSL_PERFORMANCE_DIAGNOSTICS,,MULTIPLE_CHOICE,معلومات التطبيق وأداؤه / بيانات التشخيص
PSL_DATA_TYPES_APP_PERFORMANCE,PSL_OTHER_PERFORMANCE,,MULTIPLE_CHOICE,معلومات التطبيق وأداؤه / أي بيانات أخرى عن أداء التطبيق
PSL_DATA_TYPES_FILES_AND_DOCS,PSL_FILES_AND_DOCS,true,MULTIPLE_CHOICE,الملفات والمستندات / الملفات والمستندات
PSL_DATA_TYPES_APP_ACTIVITY,PSL_USER_INTERACTION,,MULTIPLE_CHOICE,النشاط على التطبيق / تفاعلات المستخدمين مع التطبيق
PSL_DATA_TYPES_APP_ACTIVITY,PSL_IN_APP_SEARCH_HISTORY,,MULTIPLE_CHOICE,النشاط على التطبيق / سجلّ البحث داخل التطبيق
PSL_DATA_TYPES_APP_ACTIVITY,PSL_APPS_ON_DEVICE,,MULTIPLE_CHOICE,النشاط على التطبيق / التطبيقات المثبّتة
PSL_DATA_TYPES_APP_ACTIVITY,PSL_USER_GENERATED_CONTENT,,MULTIPLE_CHOICE,النشاط على التطبيق / أي محتوى آخر من إنشاء المستخدمين
PSL_DATA_TYPES_APP_ACTIVITY,PSL_OTHER_APP_ACTIVITY,,MULTIPLE_CHOICE,النشاط على التطبيق / الإجراءات الأخرى
PSL_DATA_TYPES_IDENTIFIERS,PSL_DEVICE_ID,,MULTIPLE_CHOICE,الجهاز أو أرقام التعريف الأخرى / الجهاز أو أرقام التعريف الأخرى
PSL_DATA_USAGE_RESPONSES:PSL_NAME:PSL_DATA_USAGE_COLLECTION_AND_SHARING,PSL_DATA_USAGE_ONLY_COLLECTED,true,MULTIPLE_CHOICE,استخدام البيانات ومعالجتها (الاسم) / هل يتم جمع هذه البيانات أو مشاركتها أو كلاهما؟ / بيانات يتم جمعها
PSL_DATA_USAGE_RESPONSES:PSL_NAME:PSL_DATA_USAGE_COLLECTION_AND_SHARING,PSL_DATA_USAGE_ONLY_SHARED,,MULTIPLE_CHOICE,استخدام البيانات ومعالجتها (الاسم) / هل يتم جمع هذه البيانات أو مشاركتها أو كلاهما؟ / بيانات تتم مشاركتها
PSL_DATA_USAGE_RESPONSES:PSL_NAME:PSL_DATA_USAGE_EPHEMERAL,,true,MAYBE_REQUIRED,استخدام البيانات ومعالجتها (الاسم) / هل تتم معالجة هذه البيانات بشكل مؤقت؟
PSL_DATA_USAGE_RESPONSES:PSL_NAME:DATA_USAGE_USER_CONTROL,PSL_DATA_USAGE_USER_CONTROL_OPTIONAL,,SINGLE_CHOICE,استخدام البيانات ومعالجتها (الاسم) / هل هذه البيانات مطلوبة لاستخدام تطبيقك، أو هل يمكن للمستخدمِين اختيار عدم جمعها؟ / يمكن للمستخدمِين اختيار جمع هذه البيانات أو عدم جمعها
PSL_DATA_USAGE_RESPONSES:PSL_NAME:DATA_USAGE_USER_CONTROL,PSL_DATA_USAGE_USER_CONTROL_REQUIRED,true,SINGLE_CHOICE,استخدام البيانات ومعالجتها (الاسم) / هل هذه البيانات مطلوبة لاستخدام تطبيقك، أو هل يمكن للمستخدمِين اختيار عدم جمعها؟ / جمع البيانات مطلوب (لا يمكن للمستخدمِين إيقاف عملية جمع البيانات)
PSL_DATA_USAGE_RESPONSES:PSL_NAME:DATA_USAGE_COLLECTION_PURPOSE,PSL_APP_FUNCTIONALITY,true,MULTIPLE_CHOICE,استخدام البيانات ومعالجتها (الاسم) / لماذا يتم جمع بيانات المستخدمين هذه؟ اختَر جميع الإجابات المناسبة. / وظائف التطبيق
PSL_DATA_USAGE_RESPONSES:PSL_NAME:DATA_USAGE_COLLECTION_PURPOSE,PSL_ANALYTICS,true,MULTIPLE_CHOICE,استخدام البيانات ومعالجتها (الاسم) / لماذا يتم جمع بيانات المستخدمين هذه؟ اختَر جميع الإجابات المناسبة. / إحصاءات
PSL_DATA_USAGE_RESPONSES:PSL_NAME:DATA_USAGE_COLLECTION_PURPOSE,PSL_DEVELOPER_COMMUNICATIONS,true,MULTIPLE_CHOICE,استخدام البيانات ومعالجتها (الاسم) / لماذا يتم جمع بيانات المستخدمين هذه؟ اختَر جميع الإجابات المناسبة. / مراسلات المطوّر
PSL_DATA_USAGE_RESPONSES:PSL_NAME:DATA_USAGE_COLLECTION_PURPOSE,PSL_FRAUD_PREVENTION_SECURITY,true,MULTIPLE_CHOICE,استخدام البيانات ومعالجتها (الاسم) / لماذا يتم جمع بيانات المستخدمين هذه؟ اختَر جميع الإجابات المناسبة. / منع الاحتيال والأمان والامتثال
PSL_DATA_USAGE_RESPONSES:PSL_NAME:DATA_USAGE_COLLECTION_PURPOSE,PSL_ADVERTISING,,MULTIPLE_CHOICE,استخدام البيانات ومعالجتها (الاسم) / لماذا يتم جمع بيانات المستخدمين هذه؟ اختَر جميع الإجابات المناسبة. / الإعلان أو التسويق
PSL_DATA_USAGE_RESPONSES:PSL_NAME:DATA_USAGE_COLLECTION_PURPOSE,PSL_PERSONALIZATION,true,MULTIPLE_CHOICE,استخدام البيانات ومعالجتها (الاسم) / لماذا يتم جمع بيانات المستخدمين هذه؟ اختَر جميع الإجابات المناسبة. / تخصيص
PSL_DATA_USAGE_RESPONSES:PSL_NAME:DATA_USAGE_COLLECTION_PURPOSE,PSL_ACCOUNT_MANAGEMENT,true,MULTIPLE_CHOICE,استخدام البيانات ومعالجتها (الاسم) / لماذا يتم جمع بيانات المستخدمين هذه؟ اختَر جميع الإجابات المناسبة. / إدارة الحساب
PSL_DATA_USAGE_RESPONSES:PSL_NAME:DATA_USAGE_SHARING_PURPOSE,PSL_APP_FUNCTIONALITY,,MULTIPLE_CHOICE,استخدام البيانات ومعالجتها (الاسم) / لماذا تتم مشاركة بيانات المستخدمين هذه؟ اختَر جميع الإجابات المناسبة. / وظائف التطبيق
PSL_DATA_USAGE_RESPONSES:PSL_NAME:DATA_USAGE_SHARING_PURPOSE,PSL_ANALYTICS,,MULTIPLE_CHOICE,استخدام البيانات ومعالجتها (الاسم) / لماذا تتم مشاركة بيانات المستخدمين هذه؟ اختَر جميع الإجابات المناسبة. / إحصاءات
PSL_DATA_USAGE_RESPONSES:PSL_NAME:DATA_USAGE_SHARING_PURPOSE,PSL_DEVELOPER_COMMUNICATIONS,,MULTIPLE_CHOICE,استخدام البيانات ومعالجتها (الاسم) / لماذا تتم مشاركة بيانات المستخدمين هذه؟ اختَر جميع الإجابات المناسبة. / مراسلات المطوّر
PSL_DATA_USAGE_RESPONSES:PSL_NAME:DATA_USAGE_SHARING_PURPOSE,PSL_FRAUD_PREVENTION_SECURITY,,MULTIPLE_CHOICE,استخدام البيانات ومعالجتها (الاسم) / لماذا تتم مشاركة بيانات المستخدمين هذه؟ اختَر جميع الإجابات المناسبة. / منع الاحتيال والأمان والامتثال
PSL_DATA_USAGE_RESPONSES:PSL_NAME:DATA_USAGE_SHARING_PURPOSE,PSL_ADVERTISING,,MULTIPLE_CHOICE,استخدام البيانات ومعالجتها (الاسم) / لماذا تتم مشاركة بيانات المستخدمين هذه؟ اختَر جميع الإجابات المناسبة. / الإعلان أو التسويق
PSL_DATA_USAGE_RESPONSES:PSL_NAME:DATA_USAGE_SHARING_PURPOSE,PSL_PERSONALIZATION,,MULTIPLE_CHOICE,استخدام البيانات ومعالجتها (الاسم) / لماذا تتم مشاركة بيانات المستخدمين هذه؟ اختَر جميع الإجابات المناسبة. / تخصيص
PSL_DATA_USAGE_RESPONSES:PSL_NAME:DATA_USAGE_SHARING_PURPOSE,PSL_ACCOUNT_MANAGEMENT,,MULTIPLE_CHOICE,استخدام البيانات ومعالجتها (الاسم) / لماذا تتم مشاركة بيانات المستخدمين هذه؟ اختَر جميع الإجابات المناسبة. / إدارة الحساب
PSL_DATA_USAGE_RESPONSES:PSL_EMAIL:PSL_DATA_USAGE_COLLECTION_AND_SHARING,PSL_DATA_USAGE_ONLY_COLLECTED,true,MULTIPLE_CHOICE,استخدام البيانات ومعالجتها (عنوان بريد إلكتروني) / هل يتم جمع هذه البيانات أو مشاركتها أو كلاهما؟ / بيانات يتم جمعها
PSL_DATA_USAGE_RESPONSES:PSL_EMAIL:PSL_DATA_USAGE_COLLECTION_AND_SHARING,PSL_DATA_USAGE_ONLY_SHARED,,MULTIPLE_CHOICE,استخدام البيانات ومعالجتها (عنوان بريد إلكتروني) / هل يتم جمع هذه البيانات أو مشاركتها أو كلاهما؟ / بيانات تتم مشاركتها
PSL_DATA_USAGE_RESPONSES:PSL_EMAIL:PSL_DATA_USAGE_EPHEMERAL,,true,MAYBE_REQUIRED,استخدام البيانات ومعالجتها (عنوان بريد إلكتروني) / هل تتم معالجة هذه البيانات بشكل مؤقت؟
PSL_DATA_USAGE_RESPONSES:PSL_EMAIL:DATA_USAGE_USER_CONTROL,PSL_DATA_USAGE_USER_CONTROL_OPTIONAL,,SINGLE_CHOICE,استخدام البيانات ومعالجتها (عنوان بريد إلكتروني) / هل هذه البيانات مطلوبة لاستخدام تطبيقك، أو هل يمكن للمستخدمِين اختيار عدم جمعها؟ / يمكن للمستخدمِين اختيار جمع هذه البيانات أو عدم جمعها
PSL_DATA_USAGE_RESPONSES:PSL_EMAIL:DATA_USAGE_USER_CONTROL,PSL_DATA_USAGE_USER_CONTROL_REQUIRED,true,SINGLE_CHOICE,استخدام البيانات ومعالجتها (عنوان بريد إلكتروني) / هل هذه البيانات مطلوبة لاستخدام تطبيقك، أو هل يمكن للمستخدمِين اختيار عدم جمعها؟ / جمع البيانات مطلوب (لا يمكن للمستخدمِين إيقاف عملية جمع البيانات)
PSL_DATA_USAGE_RESPONSES:PSL_EMAIL:DATA_USAGE_COLLECTION_PURPOSE,PSL_APP_FUNCTIONALITY,true,MULTIPLE_CHOICE,استخدام البيانات ومعالجتها (عنوان بريد إلكتروني) / لماذا يتم جمع بيانات المستخدمين هذه؟ اختَر جميع الإجابات المناسبة. / وظائف التطبيق
PSL_DATA_USAGE_RESPONSES:PSL_EMAIL:DATA_USAGE_COLLECTION_PURPOSE,PSL_ANALYTICS,true,MULTIPLE_CHOICE,استخدام البيانات ومعالجتها (عنوان بريد إلكتروني) / لماذا يتم جمع بيانات المستخدمين هذه؟ اختَر جميع الإجابات المناسبة. / إحصاءات
PSL_DATA_USAGE_RESPONSES:PSL_EMAIL:DATA_USAGE_COLLECTION_PURPOSE,PSL_DEVELOPER_COMMUNICATIONS,true,MULTIPLE_CHOICE,استخدام البيانات ومعالجتها (عنوان بريد إلكتروني) / لماذا يتم جمع بيانات المستخدمين هذه؟ اختَر جميع الإجابات المناسبة. / مراسلات المطوّر
PSL_DATA_USAGE_RESPONSES:PSL_EMAIL:DATA_USAGE_COLLECTION_PURPOSE,PSL_FRAUD_PREVENTION_SECURITY,true,MULTIPLE_CHOICE,استخدام البيانات ومعالجتها (عنوان بريد إلكتروني) / لماذا يتم جمع بيانات المستخدمين هذه؟ اختَر جميع الإجابات المناسبة. / منع الاحتيال والأمان والامتثال
PSL_DATA_USAGE_RESPONSES:PSL_EMAIL:DATA_USAGE_COLLECTION_PURPOSE,PSL_ADVERTISING,,MULTIPLE_CHOICE,استخدام البيانات ومعالجتها (عنوان بريد إلكتروني) / لماذا يتم جمع بيانات المستخدمين هذه؟ اختَر جميع الإجابات المناسبة. / الإعلان أو التسويق
PSL_DATA_USAGE_RESPONSES:PSL_EMAIL:DATA_USAGE_COLLECTION_PURPOSE,PSL_PERSONALIZATION,true,MULTIPLE_CHOICE,استخدام البيانات ومعالجتها (عنوان بريد إلكتروني) / لماذا يتم جمع بيانات المستخدمين هذه؟ اختَر جميع الإجابات المناسبة. / تخصيص
PSL_DATA_USAGE_RESPONSES:PSL_EMAIL:DATA_USAGE_COLLECTION_PURPOSE,PSL_ACCOUNT_MANAGEMENT,true,MULTIPLE_CHOICE,استخدام البيانات ومعالجتها (عنوان بريد إلكتروني) / لماذا يتم جمع بيانات المستخدمين هذه؟ اختَر جميع الإجابات المناسبة. / إدارة الحساب
PSL_DATA_USAGE_RESPONSES:PSL_EMAIL:DATA_USAGE_SHARING_PURPOSE,PSL_APP_FUNCTIONALITY,,MULTIPLE_CHOICE,استخدام البيانات ومعالجتها (عنوان بريد إلكتروني) / لماذا تتم مشاركة بيانات المستخدمين هذه؟ اختَر جميع الإجابات المناسبة. / وظائف التطبيق
PSL_DATA_USAGE_RESPONSES:PSL_EMAIL:DATA_USAGE_SHARING_PURPOSE,PSL_ANALYTICS,,MULTIPLE_CHOICE,استخدام البيانات ومعالجتها (عنوان بريد إلكتروني) / لماذا تتم مشاركة بيانات المستخدمين هذه؟ اختَر جميع الإجابات المناسبة. / إحصاءات
PSL_DATA_USAGE_RESPONSES:PSL_EMAIL:DATA_USAGE_SHARING_PURPOSE,PSL_DEVELOPER_COMMUNICATIONS,,MULTIPLE_CHOICE,استخدام البيانات ومعالجتها (عنوان بريد إلكتروني) / لماذا تتم مشاركة بيانات المستخدمين هذه؟ اختَر جميع الإجابات المناسبة. / مراسلات المطوّر
PSL_DATA_USAGE_RESPONSES:PSL_EMAIL:DATA_USAGE_SHARING_PURPOSE,PSL_FRAUD_PREVENTION_SECURITY,,MULTIPLE_CHOICE,استخدام البيانات ومعالجتها (عنوان بريد إلكتروني) / لماذا تتم مشاركة بيانات المستخدمين هذه؟ اختَر جميع الإجابات المناسبة. / منع الاحتيال والأمان والامتثال
PSL_DATA_USAGE_RESPONSES:PSL_EMAIL:DATA_USAGE_SHARING_PURPOSE,PSL_ADVERTISING,,MULTIPLE_CHOICE,استخدام البيانات ومعالجتها (عنوان بريد إلكتروني) / لماذا تتم مشاركة بيانات المستخدمين هذه؟ اختَر جميع الإجابات المناسبة. / الإعلان أو التسويق
PSL_DATA_USAGE_RESPONSES:PSL_EMAIL:DATA_USAGE_SHARING_PURPOSE,PSL_PERSONALIZATION,,MULTIPLE_CHOICE,استخدام البيانات ومعالجتها (عنوان بريد إلكتروني) / لماذا تتم مشاركة بيانات المستخدمين هذه؟ اختَر جميع الإجابات المناسبة. / تخصيص
PSL_DATA_USAGE_RESPONSES:PSL_EMAIL:DATA_USAGE_SHARING_PURPOSE,PSL_ACCOUNT_MANAGEMENT,,MULTIPLE_CHOICE,استخدام البيانات ومعالجتها (عنوان بريد إلكتروني) / لماذا تتم مشاركة بيانات المستخدمين هذه؟ اختَر جميع الإجابات المناسبة. / إدارة الحساب
PSL_DATA_USAGE_RESPONSES:PSL_USER_ACCOUNT:PSL_DATA_USAGE_COLLECTION_AND_SHARING,PSL_DATA_USAGE_ONLY_COLLECTED,true,MULTIPLE_CHOICE,استخدام البيانات ومعالجتها (أرقام تعريف المستخدمين) / هل يتم جمع هذه البيانات أو مشاركتها أو كلاهما؟ / بيانات يتم جمعها
PSL_DATA_USAGE_RESPONSES:PSL_USER_ACCOUNT:PSL_DATA_USAGE_COLLECTION_AND_SHARING,PSL_DATA_USAGE_ONLY_SHARED,,MULTIPLE_CHOICE,استخدام البيانات ومعالجتها (أرقام تعريف المستخدمين) / هل يتم جمع هذه البيانات أو مشاركتها أو كلاهما؟ / بيانات تتم مشاركتها
PSL_DATA_USAGE_RESPONSES:PSL_USER_ACCOUNT:PSL_DATA_USAGE_EPHEMERAL,,true,MAYBE_REQUIRED,استخدام البيانات ومعالجتها (أرقام تعريف المستخدمين) / هل تتم معالجة هذه البيانات بشكل مؤقت؟
PSL_DATA_USAGE_RESPONSES:PSL_USER_ACCOUNT:DATA_USAGE_USER_CONTROL,PSL_DATA_USAGE_USER_CONTROL_OPTIONAL,,SINGLE_CHOICE,استخدام البيانات ومعالجتها (أرقام تعريف المستخدمين) / هل هذه البيانات مطلوبة لاستخدام تطبيقك، أو هل يمكن للمستخدمِين اختيار عدم جمعها؟ / يمكن للمستخدمِين اختيار جمع هذه البيانات أو عدم جمعها
PSL_DATA_USAGE_RESPONSES:PSL_USER_ACCOUNT:DATA_USAGE_USER_CONTROL,PSL_DATA_USAGE_USER_CONTROL_REQUIRED,true,SINGLE_CHOICE,استخدام البيانات ومعالجتها (أرقام تعريف المستخدمين) / هل هذه البيانات مطلوبة لاستخدام تطبيقك، أو هل يمكن للمستخدمِين اختيار عدم جمعها؟ / جمع البيانات مطلوب (لا يمكن للمستخدمِين إيقاف عملية جمع البيانات)
PSL_DATA_USAGE_RESPONSES:PSL_USER_ACCOUNT:DATA_USAGE_COLLECTION_PURPOSE,PSL_APP_FUNCTIONALITY,true,MULTIPLE_CHOICE,استخدام البيانات ومعالجتها (أرقام تعريف المستخدمين) / لماذا يتم جمع بيانات المستخدمين هذه؟ اختَر جميع الإجابات المناسبة. / وظائف التطبيق
PSL_DATA_USAGE_RESPONSES:PSL_USER_ACCOUNT:DATA_USAGE_COLLECTION_PURPOSE,PSL_ANALYTICS,true,MULTIPLE_CHOICE,استخدام البيانات ومعالجتها (أرقام تعريف المستخدمين) / لماذا يتم جمع بيانات المستخدمين هذه؟ اختَر جميع الإجابات المناسبة. / إحصاءات
PSL_DATA_USAGE_RESPONSES:PSL_USER_ACCOUNT:DATA_USAGE_COLLECTION_PURPOSE,PSL_DEVELOPER_COMMUNICATIONS,true,MULTIPLE_CHOICE,استخدام البيانات ومعالجتها (أرقام تعريف المستخدمين) / لماذا يتم جمع بيانات المستخدمين هذه؟ اختَر جميع الإجابات المناسبة. / مراسلات المطوّر
PSL_DATA_USAGE_RESPONSES:PSL_USER_ACCOUNT:DATA_USAGE_COLLECTION_PURPOSE,PSL_FRAUD_PREVENTION_SECURITY,true,MULTIPLE_CHOICE,استخدام البيانات ومعالجتها (أرقام تعريف المستخدمين) / لماذا يتم جمع بيانات المستخدمين هذه؟ اختَر جميع الإجابات المناسبة. / منع الاحتيال والأمان والامتثال
PSL_DATA_USAGE_RESPONSES:PSL_USER_ACCOUNT:DATA_USAGE_COLLECTION_PURPOSE,PSL_ADVERTISING,,MULTIPLE_CHOICE,استخدام البيانات ومعالجتها (أرقام تعريف المستخدمين) / لماذا يتم جمع بيانات المستخدمين هذه؟ اختَر جميع الإجابات المناسبة. / الإعلان أو التسويق
PSL_DATA_USAGE_RESPONSES:PSL_USER_ACCOUNT:DATA_USAGE_COLLECTION_PURPOSE,PSL_PERSONALIZATION,true,MULTIPLE_CHOICE,استخدام البيانات ومعالجتها (أرقام تعريف المستخدمين) / لماذا يتم جمع بيانات المستخدمين هذه؟ اختَر جميع الإجابات المناسبة. / تخصيص
PSL_DATA_USAGE_RESPONSES:PSL_USER_ACCOUNT:DATA_USAGE_COLLECTION_PURPOSE,PSL_ACCOUNT_MANAGEMENT,true,MULTIPLE_CHOICE,استخدام البيانات ومعالجتها (أرقام تعريف المستخدمين) / لماذا يتم جمع بيانات المستخدمين هذه؟ اختَر جميع الإجابات المناسبة. / إدارة الحساب
PSL_DATA_USAGE_RESPONSES:PSL_USER_ACCOUNT:DATA_USAGE_SHARING_PURPOSE,PSL_APP_FUNCTIONALITY,,MULTIPLE_CHOICE,استخدام البيانات ومعالجتها (أرقام تعريف المستخدمين) / لماذا تتم مشاركة بيانات المستخدمين هذه؟ اختَر جميع الإجابات المناسبة. / وظائف التطبيق
PSL_DATA_USAGE_RESPONSES:PSL_USER_ACCOUNT:DATA_USAGE_SHARING_PURPOSE,PSL_ANALYTICS,,MULTIPLE_CHOICE,استخدام البيانات ومعالجتها (أرقام تعريف المستخدمين) / لماذا تتم مشاركة بيانات المستخدمين هذه؟ اختَر جميع الإجابات المناسبة. / إحصاءات
PSL_DATA_USAGE_RESPONSES:PSL_USER_ACCOUNT:DATA_USAGE_SHARING_PURPOSE,PSL_DEVELOPER_COMMUNICATIONS,,MULTIPLE_CHOICE,استخدام البيانات ومعالجتها (أرقام تعريف المستخدمين) / لماذا تتم مشاركة بيانات المستخدمين هذه؟ اختَر جميع الإجابات المناسبة. / مراسلات المطوّر
PSL_DATA_USAGE_RESPONSES:PSL_USER_ACCOUNT:DATA_USAGE_SHARING_PURPOSE,PSL_FRAUD_PREVENTION_SECURITY,,MULTIPLE_CHOICE,استخدام البيانات ومعالجتها (أرقام تعريف المستخدمين) / لماذا تتم مشاركة بيانات المستخدمين هذه؟ اختَر جميع الإجابات المناسبة. / منع الاحتيال والأمان والامتثال
PSL_DATA_USAGE_RESPONSES:PSL_USER_ACCOUNT:DATA_USAGE_SHARING_PURPOSE,PSL_ADVERTISING,,MULTIPLE_CHOICE,استخدام البيانات ومعالجتها (أرقام تعريف المستخدمين) / لماذا تتم مشاركة بيانات المستخدمين هذه؟ اختَر جميع الإجابات المناسبة. / الإعلان أو التسويق
PSL_DATA_USAGE_RESPONSES:PSL_USER_ACCOUNT:DATA_USAGE_SHARING_PURPOSE,PSL_PERSONALIZATION,,MULTIPLE_CHOICE,استخدام البيانات ومعالجتها (أرقام تعريف المستخدمين) / لماذا تتم مشاركة بيانات المستخدمين هذه؟ اختَر جميع الإجابات المناسبة. / تخصيص
PSL_DATA_USAGE_RESPONSES:PSL_USER_ACCOUNT:DATA_USAGE_SHARING_PURPOSE,PSL_ACCOUNT_MANAGEMENT,,MULTIPLE_CHOICE,استخدام البيانات ومعالجتها (أرقام تعريف المستخدمين) / لماذا تتم مشاركة بيانات المستخدمين هذه؟ اختَر جميع الإجابات المناسبة. / إدارة الحساب
PSL_DATA_USAGE_RESPONSES:PSL_ADDRESS:PSL_DATA_USAGE_COLLECTION_AND_SHARING,PSL_DATA_USAGE_ONLY_COLLECTED,,MULTIPLE_CHOICE,استخدام البيانات ومعالجتها (العنوان) / هل يتم جمع هذه البيانات أو مشاركتها أو كلاهما؟ / بيانات يتم جمعها
PSL_DATA_USAGE_RESPONSES:PSL_ADDRESS:PSL_DATA_USAGE_COLLECTION_AND_SHARING,PSL_DATA_USAGE_ONLY_SHARED,,MULTIPLE_CHOICE,استخدام البيانات ومعالجتها (العنوان) / هل يتم جمع هذه البيانات أو مشاركتها أو كلاهما؟ / بيانات تتم مشاركتها
PSL_DATA_USAGE_RESPONSES:PSL_ADDRESS:PSL_DATA_USAGE_EPHEMERAL,,,MAYBE_REQUIRED,استخدام البيانات ومعالجتها (العنوان) / هل تتم معالجة هذه البيانات بشكل مؤقت؟
PSL_DATA_USAGE_RESPONSES:PSL_ADDRESS:DATA_USAGE_USER_CONTROL,PSL_DATA_USAGE_USER_CONTROL_OPTIONAL,,SINGLE_CHOICE,استخدام البيانات ومعالجتها (العنوان) / هل هذه البيانات مطلوبة لاستخدام تطبيقك، أو هل يمكن للمستخدمِين اختيار عدم جمعها؟ / يمكن للمستخدمِين اختيار جمع هذه البيانات أو عدم جمعها
PSL_DATA_USAGE_RESPONSES:PSL_ADDRESS:DATA_USAGE_USER_CONTROL,PSL_DATA_USAGE_USER_CONTROL_REQUIRED,,SINGLE_CHOICE,استخدام البيانات ومعالجتها (العنوان) / هل هذه البيانات مطلوبة لاستخدام تطبيقك، أو هل يمكن للمستخدمِين اختيار عدم جمعها؟ / جمع البيانات مطلوب (لا يمكن للمستخدمِين إيقاف عملية جمع البيانات)
PSL_DATA_USAGE_RESPONSES:PSL_ADDRESS:DATA_USAGE_COLLECTION_PURPOSE,PSL_APP_FUNCTIONALITY,,MULTIPLE_CHOICE,استخدام البيانات ومعالجتها (العنوان) / لماذا يتم جمع بيانات المستخدمين هذه؟ اختَر جميع الإجابات المناسبة. / وظائف التطبيق
PSL_DATA_USAGE_RESPONSES:PSL_ADDRESS:DATA_USAGE_COLLECTION_PURPOSE,PSL_ANALYTICS,,MULTIPLE_CHOICE,استخدام البيانات ومعالجتها (العنوان) / لماذا يتم جمع بيانات المستخدمين هذه؟ اختَر جميع الإجابات المناسبة. / إحصاءات
PSL_DATA_USAGE_RESPONSES:PSL_ADDRESS:DATA_USAGE_COLLECTION_PURPOSE,PSL_DEVELOPER_COMMUNICATIONS,,MULTIPLE_CHOICE,استخدام البيانات ومعالجتها (العنوان) / لماذا يتم جمع بيانات المستخدمين هذه؟ اختَر جميع الإجابات المناسبة. / مراسلات المطوّر
PSL_DATA_USAGE_RESPONSES:PSL_ADDRESS:DATA_USAGE_COLLECTION_PURPOSE,PSL_FRAUD_PREVENTION_SECURITY,,MULTIPLE_CHOICE,استخدام البيانات ومعالجتها (العنوان) / لماذا يتم جمع بيانات المستخدمين هذه؟ اختَر جميع الإجابات المناسبة. / منع الاحتيال والأمان والامتثال
PSL_DATA_USAGE_RESPONSES:PSL_ADDRESS:DATA_USAGE_COLLECTION_PURPOSE,PSL_ADVERTISING,,MULTIPLE_CHOICE,استخدام البيانات ومعالجتها (العنوان) / لماذا يتم جمع بيانات المستخدمين هذه؟ اختَر جميع الإجابات المناسبة. / الإعلان أو التسويق
PSL_DATA_USAGE_RESPONSES:PSL_ADDRESS:DATA_USAGE_COLLECTION_PURPOSE,PSL_PERSONALIZATION,,MULTIPLE_CHOICE,استخدام البيانات ومعالجتها (العنوان) / لماذا يتم جمع بيانات المستخدمين هذه؟ اختَر جميع الإجابات المناسبة. / تخصيص
PSL_DATA_USAGE_RESPONSES:PSL_ADDRESS:DATA_USAGE_COLLECTION_PURPOSE,PSL_ACCOUNT_MANAGEMENT,,MULTIPLE_CHOICE,استخدام البيانات ومعالجتها (العنوان) / لماذا يتم جمع بيانات المستخدمين هذه؟ اختَر جميع الإجابات المناسبة. / إدارة الحساب
PSL_DATA_USAGE_RESPONSES:PSL_ADDRESS:DATA_USAGE_SHARING_PURPOSE,PSL_APP_FUNCTIONALITY,,MULTIPLE_CHOICE,استخدام البيانات ومعالجتها (العنوان) / لماذا تتم مشاركة بيانات المستخدمين هذه؟ اختَر جميع الإجابات المناسبة. / وظائف التطبيق
PSL_DATA_USAGE_RESPONSES:PSL_ADDRESS:DATA_USAGE_SHARING_PURPOSE,PSL_ANALYTICS,,MULTIPLE_CHOICE,استخدام البيانات ومعالجتها (العنوان) / لماذا تتم مشاركة بيانات المستخدمين هذه؟ اختَر جميع الإجابات المناسبة. / إحصاءات
PSL_DATA_USAGE_RESPONSES:PSL_ADDRESS:DATA_USAGE_SHARING_PURPOSE,PSL_DEVELOPER_COMMUNICATIONS,,MULTIPLE_CHOICE,استخدام البيانات ومعالجتها (العنوان) / لماذا تتم مشاركة بيانات المستخدمين هذه؟ اختَر جميع الإجابات المناسبة. / مراسلات المطوّر
PSL_DATA_USAGE_RESPONSES:PSL_ADDRESS:DATA_USAGE_SHARING_PURPOSE,PSL_FRAUD_PREVENTION_SECURITY,,MULTIPLE_CHOICE,استخدام البيانات ومعالجتها (العنوان) / لماذا تتم مشاركة بيانات المستخدمين هذه؟ اختَر جميع الإجابات المناسبة. / منع الاحتيال والأمان والامتثال
PSL_DATA_USAGE_RESPONSES:PSL_ADDRESS:DATA_USAGE_SHARING_PURPOSE,PSL_ADVERTISING,,MULTIPLE_CHOICE,استخدام البيانات ومعالجتها (العنوان) / لماذا تتم مشاركة بيانات المستخدمين هذه؟ اختَر جميع الإجابات المناسبة. / الإعلان أو التسويق
PSL_DATA_USAGE_RESPONSES:PSL_ADDRESS:DATA_USAGE_SHARING_PURPOSE,PSL_PERSONALIZATION,,MULTIPLE_CHOICE,استخدام البيانات ومعالجتها (العنوان) / لماذا تتم مشاركة بيانات المستخدمين هذه؟ اختَر جميع الإجابات المناسبة. / تخصيص
PSL_DATA_USAGE_RESPONSES:PSL_ADDRESS:DATA_USAGE_SHARING_PURPOSE,PSL_ACCOUNT_MANAGEMENT,,MULTIPLE_CHOICE,استخدام البيانات ومعالجتها (العنوان) / لماذا تتم مشاركة بيانات المستخدمين هذه؟ اختَر جميع الإجابات المناسبة. / إدارة الحساب
PSL_DATA_USAGE_RESPONSES:PSL_PHONE:PSL_DATA_USAGE_COLLECTION_AND_SHARING,PSL_DATA_USAGE_ONLY_COLLECTED,true,MULTIPLE_CHOICE,استخدام البيانات ومعالجتها (رقم الهاتف) / هل يتم جمع هذه البيانات أو مشاركتها أو كلاهما؟ / بيانات يتم جمعها
PSL_DATA_USAGE_RESPONSES:PSL_PHONE:PSL_DATA_USAGE_COLLECTION_AND_SHARING,PSL_DATA_USAGE_ONLY_SHARED,,MULTIPLE_CHOICE,استخدام البيانات ومعالجتها (رقم الهاتف) / هل يتم جمع هذه البيانات أو مشاركتها أو كلاهما؟ / بيانات تتم مشاركتها
PSL_DATA_USAGE_RESPONSES:PSL_PHONE:PSL_DATA_USAGE_EPHEMERAL,,true,MAYBE_REQUIRED,استخدام البيانات ومعالجتها (رقم الهاتف) / هل تتم معالجة هذه البيانات بشكل مؤقت؟
PSL_DATA_USAGE_RESPONSES:PSL_PHONE:DATA_USAGE_USER_CONTROL,PSL_DATA_USAGE_USER_CONTROL_OPTIONAL,true,SINGLE_CHOICE,استخدام البيانات ومعالجتها (رقم الهاتف) / هل هذه البيانات مطلوبة لاستخدام تطبيقك، أو هل يمكن للمستخدمِين اختيار عدم جمعها؟ / يمكن للمستخدمِين اختيار جمع هذه البيانات أو عدم جمعها
PSL_DATA_USAGE_RESPONSES:PSL_PHONE:DATA_USAGE_USER_CONTROL,PSL_DATA_USAGE_USER_CONTROL_REQUIRED,,SINGLE_CHOICE,استخدام البيانات ومعالجتها (رقم الهاتف) / هل هذه البيانات مطلوبة لاستخدام تطبيقك، أو هل يمكن للمستخدمِين اختيار عدم جمعها؟ / جمع البيانات مطلوب (لا يمكن للمستخدمِين إيقاف عملية جمع البيانات)
PSL_DATA_USAGE_RESPONSES:PSL_PHONE:DATA_USAGE_COLLECTION_PURPOSE,PSL_APP_FUNCTIONALITY,,MULTIPLE_CHOICE,استخدام البيانات ومعالجتها (رقم الهاتف) / لماذا يتم جمع بيانات المستخدمين هذه؟ اختَر جميع الإجابات المناسبة. / وظائف التطبيق
PSL_DATA_USAGE_RESPONSES:PSL_PHONE:DATA_USAGE_COLLECTION_PURPOSE,PSL_ANALYTICS,true,MULTIPLE_CHOICE,استخدام البيانات ومعالجتها (رقم الهاتف) / لماذا يتم جمع بيانات المستخدمين هذه؟ اختَر جميع الإجابات المناسبة. / إحصاءات
PSL_DATA_USAGE_RESPONSES:PSL_PHONE:DATA_USAGE_COLLECTION_PURPOSE,PSL_DEVELOPER_COMMUNICATIONS,true,MULTIPLE_CHOICE,استخدام البيانات ومعالجتها (رقم الهاتف) / لماذا يتم جمع بيانات المستخدمين هذه؟ اختَر جميع الإجابات المناسبة. / مراسلات المطوّر
PSL_DATA_USAGE_RESPONSES:PSL_PHONE:DATA_USAGE_COLLECTION_PURPOSE,PSL_FRAUD_PREVENTION_SECURITY,true,MULTIPLE_CHOICE,استخدام البيانات ومعالجتها (رقم الهاتف) / لماذا يتم جمع بيانات المستخدمين هذه؟ اختَر جميع الإجابات المناسبة. / منع الاحتيال والأمان والامتثال
PSL_DATA_USAGE_RESPONSES:PSL_PHONE:DATA_USAGE_COLLECTION_PURPOSE,PSL_ADVERTISING,,MULTIPLE_CHOICE,استخدام البيانات ومعالجتها (رقم الهاتف) / لماذا يتم جمع بيانات المستخدمين هذه؟ اختَر جميع الإجابات المناسبة. / الإعلان أو التسويق
PSL_DATA_USAGE_RESPONSES:PSL_PHONE:DATA_USAGE_COLLECTION_PURPOSE,PSL_PERSONALIZATION,true,MULTIPLE_CHOICE,استخدام البيانات ومعالجتها (رقم الهاتف) / لماذا يتم جمع بيانات المستخدمين هذه؟ اختَر جميع الإجابات المناسبة. / تخصيص
PSL_DATA_USAGE_RESPONSES:PSL_PHONE:DATA_USAGE_COLLECTION_PURPOSE,PSL_ACCOUNT_MANAGEMENT,true,MULTIPLE_CHOICE,استخدام البيانات ومعالجتها (رقم الهاتف) / لماذا يتم جمع بيانات المستخدمين هذه؟ اختَر جميع الإجابات المناسبة. / إدارة الحساب
PSL_DATA_USAGE_RESPONSES:PSL_PHONE:DATA_USAGE_SHARING_PURPOSE,PSL_APP_FUNCTIONALITY,,MULTIPLE_CHOICE,استخدام البيانات ومعالجتها (رقم الهاتف) / لماذا تتم مشاركة بيانات المستخدمين هذه؟ اختَر جميع الإجابات المناسبة. / وظائف التطبيق
PSL_DATA_USAGE_RESPONSES:PSL_PHONE:DATA_USAGE_SHARING_PURPOSE,PSL_ANALYTICS,,MULTIPLE_CHOICE,استخدام البيانات ومعالجتها (رقم الهاتف) / لماذا تتم مشاركة بيانات المستخدمين هذه؟ اختَر جميع الإجابات المناسبة. / إحصاءات
PSL_DATA_USAGE_RESPONSES:PSL_PHONE:DATA_USAGE_SHARING_PURPOSE,PSL_DEVELOPER_COMMUNICATIONS,,MULTIPLE_CHOICE,استخدام البيانات ومعالجتها (رقم الهاتف) / لماذا تتم مشاركة بيانات المستخدمين هذه؟ اختَر جميع الإجابات المناسبة. / مراسلات المطوّر
PSL_DATA_USAGE_RESPONSES:PSL_PHONE:DATA_USAGE_SHARING_PURPOSE,PSL_FRAUD_PREVENTION_SECURITY,,MULTIPLE_CHOICE,استخدام البيانات ومعالجتها (رقم الهاتف) / لماذا تتم مشاركة بيانات المستخدمين هذه؟ اختَر جميع الإجابات المناسبة. / منع الاحتيال والأمان والامتثال
PSL_DATA_USAGE_RESPONSES:PSL_PHONE:DATA_USAGE_SHARING_PURPOSE,PSL_ADVERTISING,,MULTIPLE_CHOICE,استخدام البيانات ومعالجتها (رقم الهاتف) / لماذا تتم مشاركة بيانات المستخدمين هذه؟ اختَر جميع الإجابات المناسبة. / الإعلان أو التسويق
PSL_DATA_USAGE_RESPONSES:PSL_PHONE:DATA_USAGE_SHARING_PURPOSE,PSL_PERSONALIZATION,,MULTIPLE_CHOICE,استخدام البيانات ومعالجتها (رقم الهاتف) / لماذا تتم مشاركة بيانات المستخدمين هذه؟ اختَر جميع الإجابات المناسبة. / تخصيص
PSL_DATA_USAGE_RESPONSES:PSL_PHONE:DATA_USAGE_SHARING_PURPOSE,PSL_ACCOUNT_MANAGEMENT,,MULTIPLE_CHOICE,استخدام البيانات ومعالجتها (رقم الهاتف) / لماذا تتم مشاركة بيانات المستخدمين هذه؟ اختَر جميع الإجابات المناسبة. / إدارة الحساب
PSL_DATA_USAGE_RESPONSES:PSL_RACE_ETHNICITY:PSL_DATA_USAGE_COLLECTION_AND_SHARING,PSL_DATA_USAGE_ONLY_COLLECTED,,MULTIPLE_CHOICE,استخدام البيانات ومعالجتها (العِرق والأصل العِرقي) / هل يتم جمع هذه البيانات أو مشاركتها أو كلاهما؟ / بيانات يتم جمعها
PSL_DATA_USAGE_RESPONSES:PSL_RACE_ETHNICITY:PSL_DATA_USAGE_COLLECTION_AND_SHARING,PSL_DATA_USAGE_ONLY_SHARED,,MULTIPLE_CHOICE,استخدام البيانات ومعالجتها (العِرق والأصل العِرقي) / هل يتم جمع هذه البيانات أو مشاركتها أو كلاهما؟ / بيانات تتم مشاركتها
PSL_DATA_USAGE_RESPONSES:PSL_RACE_ETHNICITY:PSL_DATA_USAGE_EPHEMERAL,,,MAYBE_REQUIRED,استخدام البيانات ومعالجتها (العِرق والأصل العِرقي) / هل تتم معالجة هذه البيانات بشكل مؤقت؟
PSL_DATA_USAGE_RESPONSES:PSL_RACE_ETHNICITY:DATA_USAGE_USER_CONTROL,PSL_DATA_USAGE_USER_CONTROL_OPTIONAL,,SINGLE_CHOICE,استخدام البيانات ومعالجتها (العِرق والأصل العِرقي) / هل هذه البيانات مطلوبة لاستخدام تطبيقك، أو هل يمكن للمستخدمِين اختيار عدم جمعها؟ / يمكن للمستخدمِين اختيار جمع هذه البيانات أو عدم جمعها
PSL_DATA_USAGE_RESPONSES:PSL_RACE_ETHNICITY:DATA_USAGE_USER_CONTROL,PSL_DATA_USAGE_USER_CONTROL_REQUIRED,,SINGLE_CHOICE,استخدام البيانات ومعالجتها (العِرق والأصل العِرقي) / هل هذه البيانات مطلوبة لاستخدام تطبيقك، أو هل يمكن للمستخدمِين اختيار عدم جمعها؟ / جمع البيانات مطلوب (لا يمكن للمستخدمِين إيقاف عملية جمع البيانات)
PSL_DATA_USAGE_RESPONSES:PSL_RACE_ETHNICITY:DATA_USAGE_COLLECTION_PURPOSE,PSL_APP_FUNCTIONALITY,,MULTIPLE_CHOICE,استخدام البيانات ومعالجتها (العِرق والأصل العِرقي) / لماذا يتم جمع بيانات المستخدمين هذه؟ اختَر جميع الإجابات المناسبة. / وظائف التطبيق
PSL_DATA_USAGE_RESPONSES:PSL_RACE_ETHNICITY:DATA_USAGE_COLLECTION_PURPOSE,PSL_ANALYTICS,,MULTIPLE_CHOICE,استخدام البيانات ومعالجتها (العِرق والأصل العِرقي) / لماذا يتم جمع بيانات المستخدمين هذه؟ اختَر جميع الإجابات المناسبة. / إحصاءات
PSL_DATA_USAGE_RESPONSES:PSL_RACE_ETHNICITY:DATA_USAGE_COLLECTION_PURPOSE,PSL_DEVELOPER_COMMUNICATIONS,,MULTIPLE_CHOICE,استخدام البيانات ومعالجتها (العِرق والأصل العِرقي) / لماذا يتم جمع بيانات المستخدمين هذه؟ اختَر جميع الإجابات المناسبة. / مراسلات المطوّر
PSL_DATA_USAGE_RESPONSES:PSL_RACE_ETHNICITY:DATA_USAGE_COLLECTION_PURPOSE,PSL_FRAUD_PREVENTION_SECURITY,,MULTIPLE_CHOICE,استخدام البيانات ومعالجتها (العِرق والأصل العِرقي) / لماذا يتم جمع بيانات المستخدمين هذه؟ اختَر جميع الإجابات المناسبة. / منع الاحتيال والأمان والامتثال
PSL_DATA_USAGE_RESPONSES:PSL_RACE_ETHNICITY:DATA_USAGE_COLLECTION_PURPOSE,PSL_ADVERTISING,,MULTIPLE_CHOICE,استخدام البيانات ومعالجتها (العِرق والأصل العِرقي) / لماذا يتم جمع بيانات المستخدمين هذه؟ اختَر جميع الإجابات المناسبة. / الإعلان أو التسويق
PSL_DATA_USAGE_RESPONSES:PSL_RACE_ETHNICITY:DATA_USAGE_COLLECTION_PURPOSE,PSL_PERSONALIZATION,,MULTIPLE_CHOICE,استخدام البيانات ومعالجتها (العِرق والأصل العِرقي) / لماذا يتم جمع بيانات المستخدمين هذه؟ اختَر جميع الإجابات المناسبة. / تخصيص
PSL_DATA_USAGE_RESPONSES:PSL_RACE_ETHNICITY:DATA_USAGE_COLLECTION_PURPOSE,PSL_ACCOUNT_MANAGEMENT,,MULTIPLE_CHOICE,استخدام البيانات ومعالجتها (العِرق والأصل العِرقي) / لماذا يتم جمع بيانات المستخدمين هذه؟ اختَر جميع الإجابات المناسبة. / إدارة الحساب
PSL_DATA_USAGE_RESPONSES:PSL_RACE_ETHNICITY:DATA_USAGE_SHARING_PURPOSE,PSL_APP_FUNCTIONALITY,,MULTIPLE_CHOICE,استخدام البيانات ومعالجتها (العِرق والأصل العِرقي) / لماذا تتم مشاركة بيانات المستخدمين هذه؟ اختَر جميع الإجابات المناسبة. / وظائف التطبيق
PSL_DATA_USAGE_RESPONSES:PSL_RACE_ETHNICITY:DATA_USAGE_SHARING_PURPOSE,PSL_ANALYTICS,,MULTIPLE_CHOICE,استخدام البيانات ومعالجتها (العِرق والأصل العِرقي) / لماذا تتم مشاركة بيانات المستخدمين هذه؟ اختَر جميع الإجابات المناسبة. / إحصاءات
PSL_DATA_USAGE_RESPONSES:PSL_RACE_ETHNICITY:DATA_USAGE_SHARING_PURPOSE,PSL_DEVELOPER_COMMUNICATIONS,,MULTIPLE_CHOICE,استخدام البيانات ومعالجتها (العِرق والأصل العِرقي) / لماذا تتم مشاركة بيانات المستخدمين هذه؟ اختَر جميع الإجابات المناسبة. / مراسلات المطوّر
PSL_DATA_USAGE_RESPONSES:PSL_RACE_ETHNICITY:DATA_USAGE_SHARING_PURPOSE,PSL_FRAUD_PREVENTION_SECURITY,,MULTIPLE_CHOICE,استخدام البيانات ومعالجتها (العِرق والأصل العِرقي) / لماذا تتم مشاركة بيانات المستخدمين هذه؟ اختَر جميع الإجابات المناسبة. / منع الاحتيال والأمان والامتثال
PSL_DATA_USAGE_RESPONSES:PSL_RACE_ETHNICITY:DATA_USAGE_SHARING_PURPOSE,PSL_ADVERTISING,,MULTIPLE_CHOICE,استخدام البيانات ومعالجتها (العِرق والأصل العِرقي) / لماذا تتم مشاركة بيانات المستخدمين هذه؟ اختَر جميع الإجابات المناسبة. / الإعلان أو التسويق
PSL_DATA_USAGE_RESPONSES:PSL_RACE_ETHNICITY:DATA_USAGE_SHARING_PURPOSE,PSL_PERSONALIZATION,,MULTIPLE_CHOICE,استخدام البيانات ومعالجتها (العِرق والأصل العِرقي) / لماذا تتم مشاركة بيانات المستخدمين هذه؟ اختَر جميع الإجابات المناسبة. / تخصيص
PSL_DATA_USAGE_RESPONSES:PSL_RACE_ETHNICITY:DATA_USAGE_SHARING_PURPOSE,PSL_ACCOUNT_MANAGEMENT,,MULTIPLE_CHOICE,استخدام البيانات ومعالجتها (العِرق والأصل العِرقي) / لماذا تتم مشاركة بيانات المستخدمين هذه؟ اختَر جميع الإجابات المناسبة. / إدارة الحساب
PSL_DATA_USAGE_RESPONSES:PSL_POLITICAL_RELIGIOUS:PSL_DATA_USAGE_COLLECTION_AND_SHARING,PSL_DATA_USAGE_ONLY_COLLECTED,,MULTIPLE_CHOICE,استخدام البيانات ومعالجتها (المعتقدات الدينية أو السياسية) / هل يتم جمع هذه البيانات أو مشاركتها أو كلاهما؟ / بيانات يتم جمعها
PSL_DATA_USAGE_RESPONSES:PSL_POLITICAL_RELIGIOUS:PSL_DATA_USAGE_COLLECTION_AND_SHARING,PSL_DATA_USAGE_ONLY_SHARED,,MULTIPLE_CHOICE,استخدام البيانات ومعالجتها (المعتقدات الدينية أو السياسية) / هل يتم جمع هذه البيانات أو مشاركتها أو كلاهما؟ / بيانات تتم مشاركتها
PSL_DATA_USAGE_RESPONSES:PSL_POLITICAL_RELIGIOUS:PSL_DATA_USAGE_EPHEMERAL,,,MAYBE_REQUIRED,استخدام البيانات ومعالجتها (المعتقدات الدينية أو السياسية) / هل تتم معالجة هذه البيانات بشكل مؤقت؟
PSL_DATA_USAGE_RESPONSES:PSL_POLITICAL_RELIGIOUS:DATA_USAGE_USER_CONTROL,PSL_DATA_USAGE_USER_CONTROL_OPTIONAL,,SINGLE_CHOICE,استخدام البيانات ومعالجتها (المعتقدات الدينية أو السياسية) / هل هذه البيانات مطلوبة لاستخدام تطبيقك، أو هل يمكن للمستخدمِين اختيار عدم جمعها؟ / يمكن للمستخدمِين اختيار جمع هذه البيانات أو عدم جمعها
PSL_DATA_USAGE_RESPONSES:PSL_POLITICAL_RELIGIOUS:DATA_USAGE_USER_CONTROL,PSL_DATA_USAGE_USER_CONTROL_REQUIRED,,SINGLE_CHOICE,استخدام البيانات ومعالجتها (المعتقدات الدينية أو السياسية) / هل هذه البيانات مطلوبة لاستخدام تطبيقك، أو هل يمكن للمستخدمِين اختيار عدم جمعها؟ / جمع البيانات مطلوب (لا يمكن للمستخدمِين إيقاف عملية جمع البيانات)
PSL_DATA_USAGE_RESPONSES:PSL_POLITICAL_RELIGIOUS:DATA_USAGE_COLLECTION_PURPOSE,PSL_APP_FUNCTIONALITY,,MULTIPLE_CHOICE,استخدام البيانات ومعالجتها (المعتقدات الدينية أو السياسية) / لماذا يتم جمع بيانات المستخدمين هذه؟ اختَر جميع الإجابات المناسبة. / وظائف التطبيق
PSL_DATA_USAGE_RESPONSES:PSL_POLITICAL_RELIGIOUS:DATA_USAGE_COLLECTION_PURPOSE,PSL_ANALYTICS,,MULTIPLE_CHOICE,استخدام البيانات ومعالجتها (المعتقدات الدينية أو السياسية) / لماذا يتم جمع بيانات المستخدمين هذه؟ اختَر جميع الإجابات المناسبة. / إحصاءات
PSL_DATA_USAGE_RESPONSES:PSL_POLITICAL_RELIGIOUS:DATA_USAGE_COLLECTION_PURPOSE,PSL_DEVELOPER_COMMUNICATIONS,,MULTIPLE_CHOICE,استخدام البيانات ومعالجتها (المعتقدات الدينية أو السياسية) / لماذا يتم جمع بيانات المستخدمين هذه؟ اختَر جميع الإجابات المناسبة. / مراسلات المطوّر
PSL_DATA_USAGE_RESPONSES:PSL_POLITICAL_RELIGIOUS:DATA_USAGE_COLLECTION_PURPOSE,PSL_FRAUD_PREVENTION_SECURITY,,MULTIPLE_CHOICE,استخدام البيانات ومعالجتها (المعتقدات الدينية أو السياسية) / لماذا يتم جمع بيانات المستخدمين هذه؟ اختَر جميع الإجابات المناسبة. / منع الاحتيال والأمان والامتثال
PSL_DATA_USAGE_RESPONSES:PSL_POLITICAL_RELIGIOUS:DATA_USAGE_COLLECTION_PURPOSE,PSL_ADVERTISING,,MULTIPLE_CHOICE,استخدام البيانات ومعالجتها (المعتقدات الدينية أو السياسية) / لماذا يتم جمع بيانات المستخدمين هذه؟ اختَر جميع الإجابات المناسبة. / الإعلان أو التسويق
PSL_DATA_USAGE_RESPONSES:PSL_POLITICAL_RELIGIOUS:DATA_USAGE_COLLECTION_PURPOSE,PSL_PERSONALIZATION,,MULTIPLE_CHOICE,استخدام البيانات ومعالجتها (المعتقدات الدينية أو السياسية) / لماذا يتم جمع بيانات المستخدمين هذه؟ اختَر جميع الإجابات المناسبة. / تخصيص
PSL_DATA_USAGE_RESPONSES:PSL_POLITICAL_RELIGIOUS:DATA_USAGE_COLLECTION_PURPOSE,PSL_ACCOUNT_MANAGEMENT,,MULTIPLE_CHOICE,استخدام البيانات ومعالجتها (المعتقدات الدينية أو السياسية) / لماذا يتم جمع بيانات المستخدمين هذه؟ اختَر جميع الإجابات المناسبة. / إدارة الحساب
PSL_DATA_USAGE_RESPONSES:PSL_POLITICAL_RELIGIOUS:DATA_USAGE_SHARING_PURPOSE,PSL_APP_FUNCTIONALITY,,MULTIPLE_CHOICE,استخدام البيانات ومعالجتها (المعتقدات الدينية أو السياسية) / لماذا تتم مشاركة بيانات المستخدمين هذه؟ اختَر جميع الإجابات المناسبة. / وظائف التطبيق
PSL_DATA_USAGE_RESPONSES:PSL_POLITICAL_RELIGIOUS:DATA_USAGE_SHARING_PURPOSE,PSL_ANALYTICS,,MULTIPLE_CHOICE,استخدام البيانات ومعالجتها (المعتقدات الدينية أو السياسية) / لماذا تتم مشاركة بيانات المستخدمين هذه؟ اختَر جميع الإجابات المناسبة. / إحصاءات
PSL_DATA_USAGE_RESPONSES:PSL_POLITICAL_RELIGIOUS:DATA_USAGE_SHARING_PURPOSE,PSL_DEVELOPER_COMMUNICATIONS,,MULTIPLE_CHOICE,استخدام البيانات ومعالجتها (المعتقدات الدينية أو السياسية) / لماذا تتم مشاركة بيانات المستخدمين هذه؟ اختَر جميع الإجابات المناسبة. / مراسلات المطوّر
PSL_DATA_USAGE_RESPONSES:PSL_POLITICAL_RELIGIOUS:DATA_USAGE_SHARING_PURPOSE,PSL_FRAUD_PREVENTION_SECURITY,,MULTIPLE_CHOICE,استخدام البيانات ومعالجتها (المعتقدات الدينية أو السياسية) / لماذا تتم مشاركة بيانات المستخدمين هذه؟ اختَر جميع الإجابات المناسبة. / منع الاحتيال والأمان والامتثال
PSL_DATA_USAGE_RESPONSES:PSL_POLITICAL_RELIGIOUS:DATA_USAGE_SHARING_PURPOSE,PSL_ADVERTISING,,MULTIPLE_CHOICE,استخدام البيانات ومعالجتها (المعتقدات الدينية أو السياسية) / لماذا تتم مشاركة بيانات المستخدمين هذه؟ اختَر جميع الإجابات المناسبة. / الإعلان أو التسويق
PSL_DATA_USAGE_RESPONSES:PSL_POLITICAL_RELIGIOUS:DATA_USAGE_SHARING_PURPOSE,PSL_PERSONALIZATION,,MULTIPLE_CHOICE,استخدام البيانات ومعالجتها (المعتقدات الدينية أو السياسية) / لماذا تتم مشاركة بيانات المستخدمين هذه؟ اختَر جميع الإجابات المناسبة. / تخصيص
PSL_DATA_USAGE_RESPONSES:PSL_POLITICAL_RELIGIOUS:DATA_USAGE_SHARING_PURPOSE,PSL_ACCOUNT_MANAGEMENT,,MULTIPLE_CHOICE,استخدام البيانات ومعالجتها (المعتقدات الدينية أو السياسية) / لماذا تتم مشاركة بيانات المستخدمين هذه؟ اختَر جميع الإجابات المناسبة. / إدارة الحساب
PSL_DATA_USAGE_RESPONSES:PSL_SEXUAL_ORIENTATION_GENDER_IDENTITY:PSL_DATA_USAGE_COLLECTION_AND_SHARING,PSL_DATA_USAGE_ONLY_COLLECTED,,MULTIPLE_CHOICE,استخدام البيانات ومعالجتها (الميل الجنسي) / هل يتم جمع هذه البيانات أو مشاركتها أو كلاهما؟ / بيانات يتم جمعها
PSL_DATA_USAGE_RESPONSES:PSL_SEXUAL_ORIENTATION_GENDER_IDENTITY:PSL_DATA_USAGE_COLLECTION_AND_SHARING,PSL_DATA_USAGE_ONLY_SHARED,,MULTIPLE_CHOICE,استخدام البيانات ومعالجتها (الميل الجنسي) / هل يتم جمع هذه البيانات أو مشاركتها أو كلاهما؟ / بيانات تتم مشاركتها
PSL_DATA_USAGE_RESPONSES:PSL_SEXUAL_ORIENTATION_GENDER_IDENTITY:PSL_DATA_USAGE_EPHEMERAL,,,MAYBE_REQUIRED,استخدام البيانات ومعالجتها (الميل الجنسي) / هل تتم معالجة هذه البيانات بشكل مؤقت؟
PSL_DATA_USAGE_RESPONSES:PSL_SEXUAL_ORIENTATION_GENDER_IDENTITY:DATA_USAGE_USER_CONTROL,PSL_DATA_USAGE_USER_CONTROL_OPTIONAL,,SINGLE_CHOICE,استخدام البيانات ومعالجتها (الميل الجنسي) / هل هذه البيانات مطلوبة لاستخدام تطبيقك، أو هل يمكن للمستخدمِين اختيار عدم جمعها؟ / يمكن للمستخدمِين اختيار جمع هذه البيانات أو عدم جمعها
PSL_DATA_USAGE_RESPONSES:PSL_SEXUAL_ORIENTATION_GENDER_IDENTITY:DATA_USAGE_USER_CONTROL,PSL_DATA_USAGE_USER_CONTROL_REQUIRED,,SINGLE_CHOICE,استخدام البيانات ومعالجتها (الميل الجنسي) / هل هذه البيانات مطلوبة لاستخدام تطبيقك، أو هل يمكن للمستخدمِين اختيار عدم جمعها؟ / جمع البيانات مطلوب (لا يمكن للمستخدمِين إيقاف عملية جمع البيانات)
PSL_DATA_USAGE_RESPONSES:PSL_SEXUAL_ORIENTATION_GENDER_IDENTITY:DATA_USAGE_COLLECTION_PURPOSE,PSL_APP_FUNCTIONALITY,,MULTIPLE_CHOICE,استخدام البيانات ومعالجتها (الميل الجنسي) / لماذا يتم جمع بيانات المستخدمين هذه؟ اختَر جميع الإجابات المناسبة. / وظائف التطبيق
PSL_DATA_USAGE_RESPONSES:PSL_SEXUAL_ORIENTATION_GENDER_IDENTITY:DATA_USAGE_COLLECTION_PURPOSE,PSL_ANALYTICS,,MULTIPLE_CHOICE,استخدام البيانات ومعالجتها (الميل الجنسي) / لماذا يتم جمع بيانات المستخدمين هذه؟ اختَر جميع الإجابات المناسبة. / إحصاءات
PSL_DATA_USAGE_RESPONSES:PSL_SEXUAL_ORIENTATION_GENDER_IDENTITY:DATA_USAGE_COLLECTION_PURPOSE,PSL_DEVELOPER_COMMUNICATIONS,,MULTIPLE_CHOICE,استخدام البيانات ومعالجتها (الميل الجنسي) / لماذا يتم جمع بيانات المستخدمين هذه؟ اختَر جميع الإجابات المناسبة. / مراسلات المطوّر
PSL_DATA_USAGE_RESPONSES:PSL_SEXUAL_ORIENTATION_GENDER_IDENTITY:DATA_USAGE_COLLECTION_PURPOSE,PSL_FRAUD_PREVENTION_SECURITY,,MULTIPLE_CHOICE,استخدام البيانات ومعالجتها (الميل الجنسي) / لماذا يتم جمع بيانات المستخدمين هذه؟ اختَر جميع الإجابات المناسبة. / منع الاحتيال والأمان والامتثال
PSL_DATA_USAGE_RESPONSES:PSL_SEXUAL_ORIENTATION_GENDER_IDENTITY:DATA_USAGE_COLLECTION_PURPOSE,PSL_ADVERTISING,,MULTIPLE_CHOICE,استخدام البيانات ومعالجتها (الميل الجنسي) / لماذا يتم جمع بيانات المستخدمين هذه؟ اختَر جميع الإجابات المناسبة. / الإعلان أو التسويق
PSL_DATA_USAGE_RESPONSES:PSL_SEXUAL_ORIENTATION_GENDER_IDENTITY:DATA_USAGE_COLLECTION_PURPOSE,PSL_PERSONALIZATION,,MULTIPLE_CHOICE,استخدام البيانات ومعالجتها (الميل الجنسي) / لماذا يتم جمع بيانات المستخدمين هذه؟ اختَر جميع الإجابات المناسبة. / تخصيص
PSL_DATA_USAGE_RESPONSES:PSL_SEXUAL_ORIENTATION_GENDER_IDENTITY:DATA_USAGE_COLLECTION_PURPOSE,PSL_ACCOUNT_MANAGEMENT,,MULTIPLE_CHOICE,استخدام البيانات ومعالجتها (الميل الجنسي) / لماذا يتم جمع بيانات المستخدمين هذه؟ اختَر جميع الإجابات المناسبة. / إدارة الحساب
PSL_DATA_USAGE_RESPONSES:PSL_SEXUAL_ORIENTATION_GENDER_IDENTITY:DATA_USAGE_SHARING_PURPOSE,PSL_APP_FUNCTIONALITY,,MULTIPLE_CHOICE,استخدام البيانات ومعالجتها (الميل الجنسي) / لماذا تتم مشاركة بيانات المستخدمين هذه؟ اختَر جميع الإجابات المناسبة. / وظائف التطبيق
PSL_DATA_USAGE_RESPONSES:PSL_SEXUAL_ORIENTATION_GENDER_IDENTITY:DATA_USAGE_SHARING_PURPOSE,PSL_ANALYTICS,,MULTIPLE_CHOICE,استخدام البيانات ومعالجتها (الميل الجنسي) / لماذا تتم مشاركة بيانات المستخدمين هذه؟ اختَر جميع الإجابات المناسبة. / إحصاءات
PSL_DATA_USAGE_RESPONSES:PSL_SEXUAL_ORIENTATION_GENDER_IDENTITY:DATA_USAGE_SHARING_PURPOSE,PSL_DEVELOPER_COMMUNICATIONS,,MULTIPLE_CHOICE,استخدام البيانات ومعالجتها (الميل الجنسي) / لماذا تتم مشاركة بيانات المستخدمين هذه؟ اختَر جميع الإجابات المناسبة. / مراسلات المطوّر
PSL_DATA_USAGE_RESPONSES:PSL_SEXUAL_ORIENTATION_GENDER_IDENTITY:DATA_USAGE_SHARING_PURPOSE,PSL_FRAUD_PREVENTION_SECURITY,,MULTIPLE_CHOICE,استخدام البيانات ومعالجتها (الميل الجنسي) / لماذا تتم مشاركة بيانات المستخدمين هذه؟ اختَر جميع الإجابات المناسبة. / منع الاحتيال والأمان والامتثال
PSL_DATA_USAGE_RESPONSES:PSL_SEXUAL_ORIENTATION_GENDER_IDENTITY:DATA_USAGE_SHARING_PURPOSE,PSL_ADVERTISING,,MULTIPLE_CHOICE,استخدام البيانات ومعالجتها (الميل الجنسي) / لماذا تتم مشاركة بيانات المستخدمين هذه؟ اختَر جميع الإجابات المناسبة. / الإعلان أو التسويق
PSL_DATA_USAGE_RESPONSES:PSL_SEXUAL_ORIENTATION_GENDER_IDENTITY:DATA_USAGE_SHARING_PURPOSE,PSL_PERSONALIZATION,,MULTIPLE_CHOICE,استخدام البيانات ومعالجتها (الميل الجنسي) / لماذا تتم مشاركة بيانات المستخدمين هذه؟ اختَر جميع الإجابات المناسبة. / تخصيص
PSL_DATA_USAGE_RESPONSES:PSL_SEXUAL_ORIENTATION_GENDER_IDENTITY:DATA_USAGE_SHARING_PURPOSE,PSL_ACCOUNT_MANAGEMENT,,MULTIPLE_CHOICE,استخدام البيانات ومعالجتها (الميل الجنسي) / لماذا تتم مشاركة بيانات المستخدمين هذه؟ اختَر جميع الإجابات المناسبة. / إدارة الحساب
PSL_DATA_USAGE_RESPONSES:PSL_OTHER_PERSONAL:PSL_DATA_USAGE_COLLECTION_AND_SHARING,PSL_DATA_USAGE_ONLY_COLLECTED,,MULTIPLE_CHOICE,استخدام البيانات ومعالجتها (معلومات أخرى) / هل يتم جمع هذه البيانات أو مشاركتها أو كلاهما؟ / بيانات يتم جمعها
PSL_DATA_USAGE_RESPONSES:PSL_OTHER_PERSONAL:PSL_DATA_USAGE_COLLECTION_AND_SHARING,PSL_DATA_USAGE_ONLY_SHARED,,MULTIPLE_CHOICE,استخدام البيانات ومعالجتها (معلومات أخرى) / هل يتم جمع هذه البيانات أو مشاركتها أو كلاهما؟ / بيانات تتم مشاركتها
PSL_DATA_USAGE_RESPONSES:PSL_OTHER_PERSONAL:PSL_DATA_USAGE_EPHEMERAL,,,MAYBE_REQUIRED,استخدام البيانات ومعالجتها (معلومات أخرى) / هل تتم معالجة هذه البيانات بشكل مؤقت؟
PSL_DATA_USAGE_RESPONSES:PSL_OTHER_PERSONAL:DATA_USAGE_USER_CONTROL,PSL_DATA_USAGE_USER_CONTROL_OPTIONAL,,SINGLE_CHOICE,استخدام البيانات ومعالجتها (معلومات أخرى) / هل هذه البيانات مطلوبة لاستخدام تطبيقك، أو هل يمكن للمستخدمِين اختيار عدم جمعها؟ / يمكن للمستخدمِين اختيار جمع هذه البيانات أو عدم جمعها
PSL_DATA_USAGE_RESPONSES:PSL_OTHER_PERSONAL:DATA_USAGE_USER_CONTROL,PSL_DATA_USAGE_USER_CONTROL_REQUIRED,,SINGLE_CHOICE,استخدام البيانات ومعالجتها (معلومات أخرى) / هل هذه البيانات مطلوبة لاستخدام تطبيقك، أو هل يمكن للمستخدمِين اختيار عدم جمعها؟ / جمع البيانات مطلوب (لا يمكن للمستخدمِين إيقاف عملية جمع البيانات)
PSL_DATA_USAGE_RESPONSES:PSL_OTHER_PERSONAL:DATA_USAGE_COLLECTION_PURPOSE,PSL_APP_FUNCTIONALITY,,MULTIPLE_CHOICE,استخدام البيانات ومعالجتها (معلومات أخرى) / لماذا يتم جمع بيانات المستخدمين هذه؟ اختَر جميع الإجابات المناسبة. / وظائف التطبيق
PSL_DATA_USAGE_RESPONSES:PSL_OTHER_PERSONAL:DATA_USAGE_COLLECTION_PURPOSE,PSL_ANALYTICS,,MULTIPLE_CHOICE,استخدام البيانات ومعالجتها (معلومات أخرى) / لماذا يتم جمع بيانات المستخدمين هذه؟ اختَر جميع الإجابات المناسبة. / إحصاءات
PSL_DATA_USAGE_RESPONSES:PSL_OTHER_PERSONAL:DATA_USAGE_COLLECTION_PURPOSE,PSL_DEVELOPER_COMMUNICATIONS,,MULTIPLE_CHOICE,استخدام البيانات ومعالجتها (معلومات أخرى) / لماذا يتم جمع بيانات المستخدمين هذه؟ اختَر جميع الإجابات المناسبة. / مراسلات المطوّر
PSL_DATA_USAGE_RESPONSES:PSL_OTHER_PERSONAL:DATA_USAGE_COLLECTION_PURPOSE,PSL_FRAUD_PREVENTION_SECURITY,,MULTIPLE_CHOICE,استخدام البيانات ومعالجتها (معلومات أخرى) / لماذا يتم جمع بيانات المستخدمين هذه؟ اختَر جميع الإجابات المناسبة. / منع الاحتيال والأمان والامتثال
PSL_DATA_USAGE_RESPONSES:PSL_OTHER_PERSONAL:DATA_USAGE_COLLECTION_PURPOSE,PSL_ADVERTISING,,MULTIPLE_CHOICE,استخدام البيانات ومعالجتها (معلومات أخرى) / لماذا يتم جمع بيانات المستخدمين هذه؟ اختَر جميع الإجابات المناسبة. / الإعلان أو التسويق
PSL_DATA_USAGE_RESPONSES:PSL_OTHER_PERSONAL:DATA_USAGE_COLLECTION_PURPOSE,PSL_PERSONALIZATION,,MULTIPLE_CHOICE,استخدام البيانات ومعالجتها (معلومات أخرى) / لماذا يتم جمع بيانات المستخدمين هذه؟ اختَر جميع الإجابات المناسبة. / تخصيص
PSL_DATA_USAGE_RESPONSES:PSL_OTHER_PERSONAL:DATA_USAGE_COLLECTION_PURPOSE,PSL_ACCOUNT_MANAGEMENT,,MULTIPLE_CHOICE,استخدام البيانات ومعالجتها (معلومات أخرى) / لماذا يتم جمع بيانات المستخدمين هذه؟ اختَر جميع الإجابات المناسبة. / إدارة الحساب
PSL_DATA_USAGE_RESPONSES:PSL_OTHER_PERSONAL:DATA_USAGE_SHARING_PURPOSE,PSL_APP_FUNCTIONALITY,,MULTIPLE_CHOICE,استخدام البيانات ومعالجتها (معلومات أخرى) / لماذا تتم مشاركة بيانات المستخدمين هذه؟ اختَر جميع الإجابات المناسبة. / وظائف التطبيق
PSL_DATA_USAGE_RESPONSES:PSL_OTHER_PERSONAL:DATA_USAGE_SHARING_PURPOSE,PSL_ANALYTICS,,MULTIPLE_CHOICE,استخدام البيانات ومعالجتها (معلومات أخرى) / لماذا تتم مشاركة بيانات المستخدمين هذه؟ اختَر جميع الإجابات المناسبة. / إحصاءات
PSL_DATA_USAGE_RESPONSES:PSL_OTHER_PERSONAL:DATA_USAGE_SHARING_PURPOSE,PSL_DEVELOPER_COMMUNICATIONS,,MULTIPLE_CHOICE,استخدام البيانات ومعالجتها (معلومات أخرى) / لماذا تتم مشاركة بيانات المستخدمين هذه؟ اختَر جميع الإجابات المناسبة. / مراسلات المطوّر
PSL_DATA_USAGE_RESPONSES:PSL_OTHER_PERSONAL:DATA_USAGE_SHARING_PURPOSE,PSL_FRAUD_PREVENTION_SECURITY,,MULTIPLE_CHOICE,استخدام البيانات ومعالجتها (معلومات أخرى) / لماذا تتم مشاركة بيانات المستخدمين هذه؟ اختَر جميع الإجابات المناسبة. / منع الاحتيال والأمان والامتثال
PSL_DATA_USAGE_RESPONSES:PSL_OTHER_PERSONAL:DATA_USAGE_SHARING_PURPOSE,PSL_ADVERTISING,,MULTIPLE_CHOICE,استخدام البيانات ومعالجتها (معلومات أخرى) / لماذا تتم مشاركة بيانات المستخدمين هذه؟ اختَر جميع الإجابات المناسبة. / الإعلان أو التسويق
PSL_DATA_USAGE_RESPONSES:PSL_OTHER_PERSONAL:DATA_USAGE_SHARING_PURPOSE,PSL_PERSONALIZATION,,MULTIPLE_CHOICE,استخدام البيانات ومعالجتها (معلومات أخرى) / لماذا تتم مشاركة بيانات المستخدمين هذه؟ اختَر جميع الإجابات المناسبة. / تخصيص
PSL_DATA_USAGE_RESPONSES:PSL_OTHER_PERSONAL:DATA_USAGE_SHARING_PURPOSE,PSL_ACCOUNT_MANAGEMENT,,MULTIPLE_CHOICE,استخدام البيانات ومعالجتها (معلومات أخرى) / لماذا تتم مشاركة بيانات المستخدمين هذه؟ اختَر جميع الإجابات المناسبة. / إدارة الحساب
PSL_DATA_USAGE_RESPONSES:PSL_CREDIT_DEBIT_BANK_ACCOUNT_NUMBER:PSL_DATA_USAGE_COLLECTION_AND_SHARING,PSL_DATA_USAGE_ONLY_COLLECTED,,MULTIPLE_CHOICE,استخدام البيانات ومعالجتها (معلومات الدفع الخاصة بالمستخدم) / هل يتم جمع هذه البيانات أو مشاركتها أو كلاهما؟ / بيانات يتم جمعها
PSL_DATA_USAGE_RESPONSES:PSL_CREDIT_DEBIT_BANK_ACCOUNT_NUMBER:PSL_DATA_USAGE_COLLECTION_AND_SHARING,PSL_DATA_USAGE_ONLY_SHARED,,MULTIPLE_CHOICE,استخدام البيانات ومعالجتها (معلومات الدفع الخاصة بالمستخدم) / هل يتم جمع هذه البيانات أو مشاركتها أو كلاهما؟ / بيانات تتم مشاركتها
PSL_DATA_USAGE_RESPONSES:PSL_CREDIT_DEBIT_BANK_ACCOUNT_NUMBER:PSL_DATA_USAGE_EPHEMERAL,,,MAYBE_REQUIRED,استخدام البيانات ومعالجتها (معلومات الدفع الخاصة بالمستخدم) / هل تتم معالجة هذه البيانات بشكل مؤقت؟
PSL_DATA_USAGE_RESPONSES:PSL_CREDIT_DEBIT_BANK_ACCOUNT_NUMBER:DATA_USAGE_USER_CONTROL,PSL_DATA_USAGE_USER_CONTROL_OPTIONAL,,SINGLE_CHOICE,استخدام البيانات ومعالجتها (معلومات الدفع الخاصة بالمستخدم) / هل هذه البيانات مطلوبة لاستخدام تطبيقك، أو هل يمكن للمستخدمِين اختيار عدم جمعها؟ / يمكن للمستخدمِين اختيار جمع هذه البيانات أو عدم جمعها
PSL_DATA_USAGE_RESPONSES:PSL_CREDIT_DEBIT_BANK_ACCOUNT_NUMBER:DATA_USAGE_USER_CONTROL,PSL_DATA_USAGE_USER_CONTROL_REQUIRED,,SINGLE_CHOICE,استخدام البيانات ومعالجتها (معلومات الدفع الخاصة بالمستخدم) / هل هذه البيانات مطلوبة لاستخدام تطبيقك، أو هل يمكن للمستخدمِين اختيار عدم جمعها؟ / جمع البيانات مطلوب (لا يمكن للمستخدمِين إيقاف عملية جمع البيانات)
PSL_DATA_USAGE_RESPONSES:PSL_CREDIT_DEBIT_BANK_ACCOUNT_NUMBER:DATA_USAGE_COLLECTION_PURPOSE,PSL_APP_FUNCTIONALITY,,MULTIPLE_CHOICE,استخدام البيانات ومعالجتها (معلومات الدفع الخاصة بالمستخدم) / لماذا يتم جمع بيانات المستخدمين هذه؟ اختَر جميع الإجابات المناسبة. / وظائف التطبيق
PSL_DATA_USAGE_RESPONSES:PSL_CREDIT_DEBIT_BANK_ACCOUNT_NUMBER:DATA_USAGE_COLLECTION_PURPOSE,PSL_ANALYTICS,,MULTIPLE_CHOICE,استخدام البيانات ومعالجتها (معلومات الدفع الخاصة بالمستخدم) / لماذا يتم جمع بيانات المستخدمين هذه؟ اختَر جميع الإجابات المناسبة. / إحصاءات
PSL_DATA_USAGE_RESPONSES:PSL_CREDIT_DEBIT_BANK_ACCOUNT_NUMBER:DATA_USAGE_COLLECTION_PURPOSE,PSL_DEVELOPER_COMMUNICATIONS,,MULTIPLE_CHOICE,استخدام البيانات ومعالجتها (معلومات الدفع الخاصة بالمستخدم) / لماذا يتم جمع بيانات المستخدمين هذه؟ اختَر جميع الإجابات المناسبة. / مراسلات المطوّر
PSL_DATA_USAGE_RESPONSES:PSL_CREDIT_DEBIT_BANK_ACCOUNT_NUMBER:DATA_USAGE_COLLECTION_PURPOSE,PSL_FRAUD_PREVENTION_SECURITY,,MULTIPLE_CHOICE,استخدام البيانات ومعالجتها (معلومات الدفع الخاصة بالمستخدم) / لماذا يتم جمع بيانات المستخدمين هذه؟ اختَر جميع الإجابات المناسبة. / منع الاحتيال والأمان والامتثال
PSL_DATA_USAGE_RESPONSES:PSL_CREDIT_DEBIT_BANK_ACCOUNT_NUMBER:DATA_USAGE_COLLECTION_PURPOSE,PSL_ADVERTISING,,MULTIPLE_CHOICE,استخدام البيانات ومعالجتها (معلومات الدفع الخاصة بالمستخدم) / لماذا يتم جمع بيانات المستخدمين هذه؟ اختَر جميع الإجابات المناسبة. / الإعلان أو التسويق
PSL_DATA_USAGE_RESPONSES:PSL_CREDIT_DEBIT_BANK_ACCOUNT_NUMBER:DATA_USAGE_COLLECTION_PURPOSE,PSL_PERSONALIZATION,,MULTIPLE_CHOICE,استخدام البيانات ومعالجتها (معلومات الدفع الخاصة بالمستخدم) / لماذا يتم جمع بيانات المستخدمين هذه؟ اختَر جميع الإجابات المناسبة. / تخصيص
PSL_DATA_USAGE_RESPONSES:PSL_CREDIT_DEBIT_BANK_ACCOUNT_NUMBER:DATA_USAGE_COLLECTION_PURPOSE,PSL_ACCOUNT_MANAGEMENT,,MULTIPLE_CHOICE,استخدام البيانات ومعالجتها (معلومات الدفع الخاصة بالمستخدم) / لماذا يتم جمع بيانات المستخدمين هذه؟ اختَر جميع الإجابات المناسبة. / إدارة الحساب
PSL_DATA_USAGE_RESPONSES:PSL_CREDIT_DEBIT_BANK_ACCOUNT_NUMBER:DATA_USAGE_SHARING_PURPOSE,PSL_APP_FUNCTIONALITY,,MULTIPLE_CHOICE,استخدام البيانات ومعالجتها (معلومات الدفع الخاصة بالمستخدم) / لماذا تتم مشاركة بيانات المستخدمين هذه؟ اختَر جميع الإجابات المناسبة. / وظائف التطبيق
PSL_DATA_USAGE_RESPONSES:PSL_CREDIT_DEBIT_BANK_ACCOUNT_NUMBER:DATA_USAGE_SHARING_PURPOSE,PSL_ANALYTICS,,MULTIPLE_CHOICE,استخدام البيانات ومعالجتها (معلومات الدفع الخاصة بالمستخدم) / لماذا تتم مشاركة بيانات المستخدمين هذه؟ اختَر جميع الإجابات المناسبة. / إحصاءات
PSL_DATA_USAGE_RESPONSES:PSL_CREDIT_DEBIT_BANK_ACCOUNT_NUMBER:DATA_USAGE_SHARING_PURPOSE,PSL_DEVELOPER_COMMUNICATIONS,,MULTIPLE_CHOICE,استخدام البيانات ومعالجتها (معلومات الدفع الخاصة بالمستخدم) / لماذا تتم مشاركة بيانات المستخدمين هذه؟ اختَر جميع الإجابات المناسبة. / مراسلات المطوّر
PSL_DATA_USAGE_RESPONSES:PSL_CREDIT_DEBIT_BANK_ACCOUNT_NUMBER:DATA_USAGE_SHARING_PURPOSE,PSL_FRAUD_PREVENTION_SECURITY,,MULTIPLE_CHOICE,استخدام البيانات ومعالجتها (معلومات الدفع الخاصة بالمستخدم) / لماذا تتم مشاركة بيانات المستخدمين هذه؟ اختَر جميع الإجابات المناسبة. / منع الاحتيال والأمان والامتثال
PSL_DATA_USAGE_RESPONSES:PSL_CREDIT_DEBIT_BANK_ACCOUNT_NUMBER:DATA_USAGE_SHARING_PURPOSE,PSL_ADVERTISING,,MULTIPLE_CHOICE,استخدام البيانات ومعالجتها (معلومات الدفع الخاصة بالمستخدم) / لماذا تتم مشاركة بيانات المستخدمين هذه؟ اختَر جميع الإجابات المناسبة. / الإعلان أو التسويق
PSL_DATA_USAGE_RESPONSES:PSL_CREDIT_DEBIT_BANK_ACCOUNT_NUMBER:DATA_USAGE_SHARING_PURPOSE,PSL_PERSONALIZATION,,MULTIPLE_CHOICE,استخدام البيانات ومعالجتها (معلومات الدفع الخاصة بالمستخدم) / لماذا تتم مشاركة بيانات المستخدمين هذه؟ اختَر جميع الإجابات المناسبة. / تخصيص
PSL_DATA_USAGE_RESPONSES:PSL_CREDIT_DEBIT_BANK_ACCOUNT_NUMBER:DATA_USAGE_SHARING_PURPOSE,PSL_ACCOUNT_MANAGEMENT,,MULTIPLE_CHOICE,استخدام البيانات ومعالجتها (معلومات الدفع الخاصة بالمستخدم) / لماذا تتم مشاركة بيانات المستخدمين هذه؟ اختَر جميع الإجابات المناسبة. / إدارة الحساب
PSL_DATA_USAGE_RESPONSES:PSL_PURCHASE_HISTORY:PSL_DATA_USAGE_COLLECTION_AND_SHARING,PSL_DATA_USAGE_ONLY_COLLECTED,,MULTIPLE_CHOICE,استخدام البيانات ومعالجتها (سجلّ الشراء) / هل يتم جمع هذه البيانات أو مشاركتها أو كلاهما؟ / بيانات يتم جمعها
PSL_DATA_USAGE_RESPONSES:PSL_PURCHASE_HISTORY:PSL_DATA_USAGE_COLLECTION_AND_SHARING,PSL_DATA_USAGE_ONLY_SHARED,,MULTIPLE_CHOICE,استخدام البيانات ومعالجتها (سجلّ الشراء) / هل يتم جمع هذه البيانات أو مشاركتها أو كلاهما؟ / بيانات تتم مشاركتها
PSL_DATA_USAGE_RESPONSES:PSL_PURCHASE_HISTORY:PSL_DATA_USAGE_EPHEMERAL,,,MAYBE_REQUIRED,استخدام البيانات ومعالجتها (سجلّ الشراء) / هل تتم معالجة هذه البيانات بشكل مؤقت؟
PSL_DATA_USAGE_RESPONSES:PSL_PURCHASE_HISTORY:DATA_USAGE_USER_CONTROL,PSL_DATA_USAGE_USER_CONTROL_OPTIONAL,,SINGLE_CHOICE,استخدام البيانات ومعالجتها (سجلّ الشراء) / هل هذه البيانات مطلوبة لاستخدام تطبيقك، أو هل يمكن للمستخدمِين اختيار عدم جمعها؟ / يمكن للمستخدمِين اختيار جمع هذه البيانات أو عدم جمعها
PSL_DATA_USAGE_RESPONSES:PSL_PURCHASE_HISTORY:DATA_USAGE_USER_CONTROL,PSL_DATA_USAGE_USER_CONTROL_REQUIRED,,SINGLE_CHOICE,استخدام البيانات ومعالجتها (سجلّ الشراء) / هل هذه البيانات مطلوبة لاستخدام تطبيقك، أو هل يمكن للمستخدمِين اختيار عدم جمعها؟ / جمع البيانات مطلوب (لا يمكن للمستخدمِين إيقاف عملية جمع البيانات)
PSL_DATA_USAGE_RESPONSES:PSL_PURCHASE_HISTORY:DATA_USAGE_COLLECTION_PURPOSE,PSL_APP_FUNCTIONALITY,,MULTIPLE_CHOICE,استخدام البيانات ومعالجتها (سجلّ الشراء) / لماذا يتم جمع بيانات المستخدمين هذه؟ اختَر جميع الإجابات المناسبة. / وظائف التطبيق
PSL_DATA_USAGE_RESPONSES:PSL_PURCHASE_HISTORY:DATA_USAGE_COLLECTION_PURPOSE,PSL_ANALYTICS,,MULTIPLE_CHOICE,استخدام البيانات ومعالجتها (سجلّ الشراء) / لماذا يتم جمع بيانات المستخدمين هذه؟ اختَر جميع الإجابات المناسبة. / إحصاءات
PSL_DATA_USAGE_RESPONSES:PSL_PURCHASE_HISTORY:DATA_USAGE_COLLECTION_PURPOSE,PSL_DEVELOPER_COMMUNICATIONS,,MULTIPLE_CHOICE,استخدام البيانات ومعالجتها (سجلّ الشراء) / لماذا يتم جمع بيانات المستخدمين هذه؟ اختَر جميع الإجابات المناسبة. / مراسلات المطوّر
PSL_DATA_USAGE_RESPONSES:PSL_PURCHASE_HISTORY:DATA_USAGE_COLLECTION_PURPOSE,PSL_FRAUD_PREVENTION_SECURITY,,MULTIPLE_CHOICE,استخدام البيانات ومعالجتها (سجلّ الشراء) / لماذا يتم جمع بيانات المستخدمين هذه؟ اختَر جميع الإجابات المناسبة. / منع الاحتيال والأمان والامتثال
PSL_DATA_USAGE_RESPONSES:PSL_PURCHASE_HISTORY:DATA_USAGE_COLLECTION_PURPOSE,PSL_ADVERTISING,,MULTIPLE_CHOICE,استخدام البيانات ومعالجتها (سجلّ الشراء) / لماذا يتم جمع بيانات المستخدمين هذه؟ اختَر جميع الإجابات المناسبة. / الإعلان أو التسويق
PSL_DATA_USAGE_RESPONSES:PSL_PURCHASE_HISTORY:DATA_USAGE_COLLECTION_PURPOSE,PSL_PERSONALIZATION,,MULTIPLE_CHOICE,استخدام البيانات ومعالجتها (سجلّ الشراء) / لماذا يتم جمع بيانات المستخدمين هذه؟ اختَر جميع الإجابات المناسبة. / تخصيص
PSL_DATA_USAGE_RESPONSES:PSL_PURCHASE_HISTORY:DATA_USAGE_COLLECTION_PURPOSE,PSL_ACCOUNT_MANAGEMENT,,MULTIPLE_CHOICE,استخدام البيانات ومعالجتها (سجلّ الشراء) / لماذا يتم جمع بيانات المستخدمين هذه؟ اختَر جميع الإجابات المناسبة. / إدارة الحساب
PSL_DATA_USAGE_RESPONSES:PSL_PURCHASE_HISTORY:DATA_USAGE_SHARING_PURPOSE,PSL_APP_FUNCTIONALITY,,MULTIPLE_CHOICE,استخدام البيانات ومعالجتها (سجلّ الشراء) / لماذا تتم مشاركة بيانات المستخدمين هذه؟ اختَر جميع الإجابات المناسبة. / وظائف التطبيق
PSL_DATA_USAGE_RESPONSES:PSL_PURCHASE_HISTORY:DATA_USAGE_SHARING_PURPOSE,PSL_ANALYTICS,,MULTIPLE_CHOICE,استخدام البيانات ومعالجتها (سجلّ الشراء) / لماذا تتم مشاركة بيانات المستخدمين هذه؟ اختَر جميع الإجابات المناسبة. / إحصاءات
PSL_DATA_USAGE_RESPONSES:PSL_PURCHASE_HISTORY:DATA_USAGE_SHARING_PURPOSE,PSL_DEVELOPER_COMMUNICATIONS,,MULTIPLE_CHOICE,استخدام البيانات ومعالجتها (سجلّ الشراء) / لماذا تتم مشاركة بيانات المستخدمين هذه؟ اختَر جميع الإجابات المناسبة. / مراسلات المطوّر
PSL_DATA_USAGE_RESPONSES:PSL_PURCHASE_HISTORY:DATA_USAGE_SHARING_PURPOSE,PSL_FRAUD_PREVENTION_SECURITY,,MULTIPLE_CHOICE,استخدام البيانات ومعالجتها (سجلّ الشراء) / لماذا تتم مشاركة بيانات المستخدمين هذه؟ اختَر جميع الإجابات المناسبة. / منع الاحتيال والأمان والامتثال
PSL_DATA_USAGE_RESPONSES:PSL_PURCHASE_HISTORY:DATA_USAGE_SHARING_PURPOSE,PSL_ADVERTISING,,MULTIPLE_CHOICE,استخدام البيانات ومعالجتها (سجلّ الشراء) / لماذا تتم مشاركة بيانات المستخدمين هذه؟ اختَر جميع الإجابات المناسبة. / الإعلان أو التسويق
PSL_DATA_USAGE_RESPONSES:PSL_PURCHASE_HISTORY:DATA_USAGE_SHARING_PURPOSE,PSL_PERSONALIZATION,,MULTIPLE_CHOICE,استخدام البيانات ومعالجتها (سجلّ الشراء) / لماذا تتم مشاركة بيانات المستخدمين هذه؟ اختَر جميع الإجابات المناسبة. / تخصيص
PSL_DATA_USAGE_RESPONSES:PSL_PURCHASE_HISTORY:DATA_USAGE_SHARING_PURPOSE,PSL_ACCOUNT_MANAGEMENT,,MULTIPLE_CHOICE,استخدام البيانات ومعالجتها (سجلّ الشراء) / لماذا تتم مشاركة بيانات المستخدمين هذه؟ اختَر جميع الإجابات المناسبة. / إدارة الحساب
PSL_DATA_USAGE_RESPONSES:PSL_CREDIT_SCORE:PSL_DATA_USAGE_COLLECTION_AND_SHARING,PSL_DATA_USAGE_ONLY_COLLECTED,,MULTIPLE_CHOICE,استخدام البيانات ومعالجتها (الجدارة الائتمانية) / هل يتم جمع هذه البيانات أو مشاركتها أو كلاهما؟ / بيانات يتم جمعها
PSL_DATA_USAGE_RESPONSES:PSL_CREDIT_SCORE:PSL_DATA_USAGE_COLLECTION_AND_SHARING,PSL_DATA_USAGE_ONLY_SHARED,,MULTIPLE_CHOICE,استخدام البيانات ومعالجتها (الجدارة الائتمانية) / هل يتم جمع هذه البيانات أو مشاركتها أو كلاهما؟ / بيانات تتم مشاركتها
PSL_DATA_USAGE_RESPONSES:PSL_CREDIT_SCORE:PSL_DATA_USAGE_EPHEMERAL,,,MAYBE_REQUIRED,استخدام البيانات ومعالجتها (الجدارة الائتمانية) / هل تتم معالجة هذه البيانات بشكل مؤقت؟
PSL_DATA_USAGE_RESPONSES:PSL_CREDIT_SCORE:DATA_USAGE_USER_CONTROL,PSL_DATA_USAGE_USER_CONTROL_OPTIONAL,,SINGLE_CHOICE,استخدام البيانات ومعالجتها (الجدارة الائتمانية) / هل هذه البيانات مطلوبة لاستخدام تطبيقك، أو هل يمكن للمستخدمِين اختيار عدم جمعها؟ / يمكن للمستخدمِين اختيار جمع هذه البيانات أو عدم جمعها
PSL_DATA_USAGE_RESPONSES:PSL_CREDIT_SCORE:DATA_USAGE_USER_CONTROL,PSL_DATA_USAGE_USER_CONTROL_REQUIRED,,SINGLE_CHOICE,استخدام البيانات ومعالجتها (الجدارة الائتمانية) / هل هذه البيانات مطلوبة لاستخدام تطبيقك، أو هل يمكن للمستخدمِين اختيار عدم جمعها؟ / جمع البيانات مطلوب (لا يمكن للمستخدمِين إيقاف عملية جمع البيانات)
PSL_DATA_USAGE_RESPONSES:PSL_CREDIT_SCORE:DATA_USAGE_COLLECTION_PURPOSE,PSL_APP_FUNCTIONALITY,,MULTIPLE_CHOICE,استخدام البيانات ومعالجتها (الجدارة الائتمانية) / لماذا يتم جمع بيانات المستخدمين هذه؟ اختَر جميع الإجابات المناسبة. / وظائف التطبيق
PSL_DATA_USAGE_RESPONSES:PSL_CREDIT_SCORE:DATA_USAGE_COLLECTION_PURPOSE,PSL_ANALYTICS,,MULTIPLE_CHOICE,استخدام البيانات ومعالجتها (الجدارة الائتمانية) / لماذا يتم جمع بيانات المستخدمين هذه؟ اختَر جميع الإجابات المناسبة. / إحصاءات
PSL_DATA_USAGE_RESPONSES:PSL_CREDIT_SCORE:DATA_USAGE_COLLECTION_PURPOSE,PSL_DEVELOPER_COMMUNICATIONS,,MULTIPLE_CHOICE,استخدام البيانات ومعالجتها (الجدارة الائتمانية) / لماذا يتم جمع بيانات المستخدمين هذه؟ اختَر جميع الإجابات المناسبة. / مراسلات المطوّر
PSL_DATA_USAGE_RESPONSES:PSL_CREDIT_SCORE:DATA_USAGE_COLLECTION_PURPOSE,PSL_FRAUD_PREVENTION_SECURITY,,MULTIPLE_CHOICE,استخدام البيانات ومعالجتها (الجدارة الائتمانية) / لماذا يتم جمع بيانات المستخدمين هذه؟ اختَر جميع الإجابات المناسبة. / منع الاحتيال والأمان والامتثال
PSL_DATA_USAGE_RESPONSES:PSL_CREDIT_SCORE:DATA_USAGE_COLLECTION_PURPOSE,PSL_ADVERTISING,,MULTIPLE_CHOICE,استخدام البيانات ومعالجتها (الجدارة الائتمانية) / لماذا يتم جمع بيانات المستخدمين هذه؟ اختَر جميع الإجابات المناسبة. / الإعلان أو التسويق
PSL_DATA_USAGE_RESPONSES:PSL_CREDIT_SCORE:DATA_USAGE_COLLECTION_PURPOSE,PSL_PERSONALIZATION,,MULTIPLE_CHOICE,استخدام البيانات ومعالجتها (الجدارة الائتمانية) / لماذا يتم جمع بيانات المستخدمين هذه؟ اختَر جميع الإجابات المناسبة. / تخصيص
PSL_DATA_USAGE_RESPONSES:PSL_CREDIT_SCORE:DATA_USAGE_COLLECTION_PURPOSE,PSL_ACCOUNT_MANAGEMENT,,MULTIPLE_CHOICE,استخدام البيانات ومعالجتها (الجدارة الائتمانية) / لماذا يتم جمع بيانات المستخدمين هذه؟ اختَر جميع الإجابات المناسبة. / إدارة الحساب
PSL_DATA_USAGE_RESPONSES:PSL_CREDIT_SCORE:DATA_USAGE_SHARING_PURPOSE,PSL_APP_FUNCTIONALITY,,MULTIPLE_CHOICE,استخدام البيانات ومعالجتها (الجدارة الائتمانية) / لماذا تتم مشاركة بيانات المستخدمين هذه؟ اختَر جميع الإجابات المناسبة. / وظائف التطبيق
PSL_DATA_USAGE_RESPONSES:PSL_CREDIT_SCORE:DATA_USAGE_SHARING_PURPOSE,PSL_ANALYTICS,,MULTIPLE_CHOICE,استخدام البيانات ومعالجتها (الجدارة الائتمانية) / لماذا تتم مشاركة بيانات المستخدمين هذه؟ اختَر جميع الإجابات المناسبة. / إحصاءات
PSL_DATA_USAGE_RESPONSES:PSL_CREDIT_SCORE:DATA_USAGE_SHARING_PURPOSE,PSL_DEVELOPER_COMMUNICATIONS,,MULTIPLE_CHOICE,استخدام البيانات ومعالجتها (الجدارة الائتمانية) / لماذا تتم مشاركة بيانات المستخدمين هذه؟ اختَر جميع الإجابات المناسبة. / مراسلات المطوّر
PSL_DATA_USAGE_RESPONSES:PSL_CREDIT_SCORE:DATA_USAGE_SHARING_PURPOSE,PSL_FRAUD_PREVENTION_SECURITY,,MULTIPLE_CHOICE,استخدام البيانات ومعالجتها (الجدارة الائتمانية) / لماذا تتم مشاركة بيانات المستخدمين هذه؟ اختَر جميع الإجابات المناسبة. / منع الاحتيال والأمان والامتثال
PSL_DATA_USAGE_RESPONSES:PSL_CREDIT_SCORE:DATA_USAGE_SHARING_PURPOSE,PSL_ADVERTISING,,MULTIPLE_CHOICE,استخدام البيانات ومعالجتها (الجدارة الائتمانية) / لماذا تتم مشاركة بيانات المستخدمين هذه؟ اختَر جميع الإجابات المناسبة. / الإعلان أو التسويق
PSL_DATA_USAGE_RESPONSES:PSL_CREDIT_SCORE:DATA_USAGE_SHARING_PURPOSE,PSL_PERSONALIZATION,,MULTIPLE_CHOICE,استخدام البيانات ومعالجتها (الجدارة الائتمانية) / لماذا تتم مشاركة بيانات المستخدمين هذه؟ اختَر جميع الإجابات المناسبة. / تخصيص
PSL_DATA_USAGE_RESPONSES:PSL_CREDIT_SCORE:DATA_USAGE_SHARING_PURPOSE,PSL_ACCOUNT_MANAGEMENT,,MULTIPLE_CHOICE,استخدام البيانات ومعالجتها (الجدارة الائتمانية) / لماذا تتم مشاركة بيانات المستخدمين هذه؟ اختَر جميع الإجابات المناسبة. / إدارة الحساب
PSL_DATA_USAGE_RESPONSES:PSL_OTHER:PSL_DATA_USAGE_COLLECTION_AND_SHARING,PSL_DATA_USAGE_ONLY_COLLECTED,,MULTIPLE_CHOICE,استخدام البيانات ومعالجتها (معلومات مالية أخرى) / هل يتم جمع هذه البيانات أو مشاركتها أو كلاهما؟ / بيانات يتم جمعها
PSL_DATA_USAGE_RESPONSES:PSL_OTHER:PSL_DATA_USAGE_COLLECTION_AND_SHARING,PSL_DATA_USAGE_ONLY_SHARED,,MULTIPLE_CHOICE,استخدام البيانات ومعالجتها (معلومات مالية أخرى) / هل يتم جمع هذه البيانات أو مشاركتها أو كلاهما؟ / بيانات تتم مشاركتها
PSL_DATA_USAGE_RESPONSES:PSL_OTHER:PSL_DATA_USAGE_EPHEMERAL,,,MAYBE_REQUIRED,استخدام البيانات ومعالجتها (معلومات مالية أخرى) / هل تتم معالجة هذه البيانات بشكل مؤقت؟
PSL_DATA_USAGE_RESPONSES:PSL_OTHER:DATA_USAGE_USER_CONTROL,PSL_DATA_USAGE_USER_CONTROL_OPTIONAL,,SINGLE_CHOICE,استخدام البيانات ومعالجتها (معلومات مالية أخرى) / هل هذه البيانات مطلوبة لاستخدام تطبيقك، أو هل يمكن للمستخدمِين اختيار عدم جمعها؟ / يمكن للمستخدمِين اختيار جمع هذه البيانات أو عدم جمعها
PSL_DATA_USAGE_RESPONSES:PSL_OTHER:DATA_USAGE_USER_CONTROL,PSL_DATA_USAGE_USER_CONTROL_REQUIRED,,SINGLE_CHOICE,استخدام البيانات ومعالجتها (معلومات مالية أخرى) / هل هذه البيانات مطلوبة لاستخدام تطبيقك، أو هل يمكن للمستخدمِين اختيار عدم جمعها؟ / جمع البيانات مطلوب (لا يمكن للمستخدمِين إيقاف عملية جمع البيانات)
PSL_DATA_USAGE_RESPONSES:PSL_OTHER:DATA_USAGE_COLLECTION_PURPOSE,PSL_APP_FUNCTIONALITY,,MULTIPLE_CHOICE,استخدام البيانات ومعالجتها (معلومات مالية أخرى) / لماذا يتم جمع بيانات المستخدمين هذه؟ اختَر جميع الإجابات المناسبة. / وظائف التطبيق
PSL_DATA_USAGE_RESPONSES:PSL_OTHER:DATA_USAGE_COLLECTION_PURPOSE,PSL_ANALYTICS,,MULTIPLE_CHOICE,استخدام البيانات ومعالجتها (معلومات مالية أخرى) / لماذا يتم جمع بيانات المستخدمين هذه؟ اختَر جميع الإجابات المناسبة. / إحصاءات
PSL_DATA_USAGE_RESPONSES:PSL_OTHER:DATA_USAGE_COLLECTION_PURPOSE,PSL_DEVELOPER_COMMUNICATIONS,,MULTIPLE_CHOICE,استخدام البيانات ومعالجتها (معلومات مالية أخرى) / لماذا يتم جمع بيانات المستخدمين هذه؟ اختَر جميع الإجابات المناسبة. / مراسلات المطوّر
PSL_DATA_USAGE_RESPONSES:PSL_OTHER:DATA_USAGE_COLLECTION_PURPOSE,PSL_FRAUD_PREVENTION_SECURITY,,MULTIPLE_CHOICE,استخدام البيانات ومعالجتها (معلومات مالية أخرى) / لماذا يتم جمع بيانات المستخدمين هذه؟ اختَر جميع الإجابات المناسبة. / منع الاحتيال والأمان والامتثال
PSL_DATA_USAGE_RESPONSES:PSL_OTHER:DATA_USAGE_COLLECTION_PURPOSE,PSL_ADVERTISING,,MULTIPLE_CHOICE,استخدام البيانات ومعالجتها (معلومات مالية أخرى) / لماذا يتم جمع بيانات المستخدمين هذه؟ اختَر جميع الإجابات المناسبة. / الإعلان أو التسويق
PSL_DATA_USAGE_RESPONSES:PSL_OTHER:DATA_USAGE_COLLECTION_PURPOSE,PSL_PERSONALIZATION,,MULTIPLE_CHOICE,استخدام البيانات ومعالجتها (معلومات مالية أخرى) / لماذا يتم جمع بيانات المستخدمين هذه؟ اختَر جميع الإجابات المناسبة. / تخصيص
PSL_DATA_USAGE_RESPONSES:PSL_OTHER:DATA_USAGE_COLLECTION_PURPOSE,PSL_ACCOUNT_MANAGEMENT,,MULTIPLE_CHOICE,استخدام البيانات ومعالجتها (معلومات مالية أخرى) / لماذا يتم جمع بيانات المستخدمين هذه؟ اختَر جميع الإجابات المناسبة. / إدارة الحساب
PSL_DATA_USAGE_RESPONSES:PSL_OTHER:DATA_USAGE_SHARING_PURPOSE,PSL_APP_FUNCTIONALITY,,MULTIPLE_CHOICE,استخدام البيانات ومعالجتها (معلومات مالية أخرى) / لماذا تتم مشاركة بيانات المستخدمين هذه؟ اختَر جميع الإجابات المناسبة. / وظائف التطبيق
PSL_DATA_USAGE_RESPONSES:PSL_OTHER:DATA_USAGE_SHARING_PURPOSE,PSL_ANALYTICS,,MULTIPLE_CHOICE,استخدام البيانات ومعالجتها (معلومات مالية أخرى) / لماذا تتم مشاركة بيانات المستخدمين هذه؟ اختَر جميع الإجابات المناسبة. / إحصاءات
PSL_DATA_USAGE_RESPONSES:PSL_OTHER:DATA_USAGE_SHARING_PURPOSE,PSL_DEVELOPER_COMMUNICATIONS,,MULTIPLE_CHOICE,استخدام البيانات ومعالجتها (معلومات مالية أخرى) / لماذا تتم مشاركة بيانات المستخدمين هذه؟ اختَر جميع الإجابات المناسبة. / مراسلات المطوّر
PSL_DATA_USAGE_RESPONSES:PSL_OTHER:DATA_USAGE_SHARING_PURPOSE,PSL_FRAUD_PREVENTION_SECURITY,,MULTIPLE_CHOICE,استخدام البيانات ومعالجتها (معلومات مالية أخرى) / لماذا تتم مشاركة بيانات المستخدمين هذه؟ اختَر جميع الإجابات المناسبة. / منع الاحتيال والأمان والامتثال
PSL_DATA_USAGE_RESPONSES:PSL_OTHER:DATA_USAGE_SHARING_PURPOSE,PSL_ADVERTISING,,MULTIPLE_CHOICE,استخدام البيانات ومعالجتها (معلومات مالية أخرى) / لماذا تتم مشاركة بيانات المستخدمين هذه؟ اختَر جميع الإجابات المناسبة. / الإعلان أو التسويق
PSL_DATA_USAGE_RESPONSES:PSL_OTHER:DATA_USAGE_SHARING_PURPOSE,PSL_PERSONALIZATION,,MULTIPLE_CHOICE,استخدام البيانات ومعالجتها (معلومات مالية أخرى) / لماذا تتم مشاركة بيانات المستخدمين هذه؟ اختَر جميع الإجابات المناسبة. / تخصيص
PSL_DATA_USAGE_RESPONSES:PSL_OTHER:DATA_USAGE_SHARING_PURPOSE,PSL_ACCOUNT_MANAGEMENT,,MULTIPLE_CHOICE,استخدام البيانات ومعالجتها (معلومات مالية أخرى) / لماذا تتم مشاركة بيانات المستخدمين هذه؟ اختَر جميع الإجابات المناسبة. / إدارة الحساب
PSL_DATA_USAGE_RESPONSES:PSL_APPROX_LOCATION:PSL_DATA_USAGE_COLLECTION_AND_SHARING,PSL_DATA_USAGE_ONLY_COLLECTED,true,MULTIPLE_CHOICE,استخدام البيانات ومعالجتها (الموقع الجغرافي التقريبي) / هل يتم جمع هذه البيانات أو مشاركتها أو كلاهما؟ / بيانات يتم جمعها
PSL_DATA_USAGE_RESPONSES:PSL_APPROX_LOCATION:PSL_DATA_USAGE_COLLECTION_AND_SHARING,PSL_DATA_USAGE_ONLY_SHARED,,MULTIPLE_CHOICE,استخدام البيانات ومعالجتها (الموقع الجغرافي التقريبي) / هل يتم جمع هذه البيانات أو مشاركتها أو كلاهما؟ / بيانات تتم مشاركتها
PSL_DATA_USAGE_RESPONSES:PSL_APPROX_LOCATION:PSL_DATA_USAGE_EPHEMERAL,,true,MAYBE_REQUIRED,استخدام البيانات ومعالجتها (الموقع الجغرافي التقريبي) / هل تتم معالجة هذه البيانات بشكل مؤقت؟
PSL_DATA_USAGE_RESPONSES:PSL_APPROX_LOCATION:DATA_USAGE_USER_CONTROL,PSL_DATA_USAGE_USER_CONTROL_OPTIONAL,,SINGLE_CHOICE,استخدام البيانات ومعالجتها (الموقع الجغرافي التقريبي) / هل هذه البيانات مطلوبة لاستخدام تطبيقك، أو هل يمكن للمستخدمِين اختيار عدم جمعها؟ / يمكن للمستخدمِين اختيار جمع هذه البيانات أو عدم جمعها
PSL_DATA_USAGE_RESPONSES:PSL_APPROX_LOCATION:DATA_USAGE_USER_CONTROL,PSL_DATA_USAGE_USER_CONTROL_REQUIRED,true,SINGLE_CHOICE,استخدام البيانات ومعالجتها (الموقع الجغرافي التقريبي) / هل هذه البيانات مطلوبة لاستخدام تطبيقك، أو هل يمكن للمستخدمِين اختيار عدم جمعها؟ / جمع البيانات مطلوب (لا يمكن للمستخدمِين إيقاف عملية جمع البيانات)
PSL_DATA_USAGE_RESPONSES:PSL_APPROX_LOCATION:DATA_USAGE_COLLECTION_PURPOSE,PSL_APP_FUNCTIONALITY,true,MULTIPLE_CHOICE,استخدام البيانات ومعالجتها (الموقع الجغرافي التقريبي) / لماذا يتم جمع بيانات المستخدمين هذه؟ اختَر جميع الإجابات المناسبة. / وظائف التطبيق
PSL_DATA_USAGE_RESPONSES:PSL_APPROX_LOCATION:DATA_USAGE_COLLECTION_PURPOSE,PSL_ANALYTICS,true,MULTIPLE_CHOICE,استخدام البيانات ومعالجتها (الموقع الجغرافي التقريبي) / لماذا يتم جمع بيانات المستخدمين هذه؟ اختَر جميع الإجابات المناسبة. / إحصاءات
PSL_DATA_USAGE_RESPONSES:PSL_APPROX_LOCATION:DATA_USAGE_COLLECTION_PURPOSE,PSL_DEVELOPER_COMMUNICATIONS,true,MULTIPLE_CHOICE,استخدام البيانات ومعالجتها (الموقع الجغرافي التقريبي) / لماذا يتم جمع بيانات المستخدمين هذه؟ اختَر جميع الإجابات المناسبة. / مراسلات المطوّر
PSL_DATA_USAGE_RESPONSES:PSL_APPROX_LOCATION:DATA_USAGE_COLLECTION_PURPOSE,PSL_FRAUD_PREVENTION_SECURITY,true,MULTIPLE_CHOICE,استخدام البيانات ومعالجتها (الموقع الجغرافي التقريبي) / لماذا يتم جمع بيانات المستخدمين هذه؟ اختَر جميع الإجابات المناسبة. / منع الاحتيال والأمان والامتثال
PSL_DATA_USAGE_RESPONSES:PSL_APPROX_LOCATION:DATA_USAGE_COLLECTION_PURPOSE,PSL_ADVERTISING,,MULTIPLE_CHOICE,استخدام البيانات ومعالجتها (الموقع الجغرافي التقريبي) / لماذا يتم جمع بيانات المستخدمين هذه؟ اختَر جميع الإجابات المناسبة. / الإعلان أو التسويق
PSL_DATA_USAGE_RESPONSES:PSL_APPROX_LOCATION:DATA_USAGE_COLLECTION_PURPOSE,PSL_PERSONALIZATION,true,MULTIPLE_CHOICE,استخدام البيانات ومعالجتها (الموقع الجغرافي التقريبي) / لماذا يتم جمع بيانات المستخدمين هذه؟ اختَر جميع الإجابات المناسبة. / تخصيص
PSL_DATA_USAGE_RESPONSES:PSL_APPROX_LOCATION:DATA_USAGE_COLLECTION_PURPOSE,PSL_ACCOUNT_MANAGEMENT,true,MULTIPLE_CHOICE,استخدام البيانات ومعالجتها (الموقع الجغرافي التقريبي) / لماذا يتم جمع بيانات المستخدمين هذه؟ اختَر جميع الإجابات المناسبة. / إدارة الحساب
PSL_DATA_USAGE_RESPONSES:PSL_APPROX_LOCATION:DATA_USAGE_SHARING_PURPOSE,PSL_APP_FUNCTIONALITY,,MULTIPLE_CHOICE,استخدام البيانات ومعالجتها (الموقع الجغرافي التقريبي) / لماذا تتم مشاركة بيانات المستخدمين هذه؟ اختَر جميع الإجابات المناسبة. / وظائف التطبيق
PSL_DATA_USAGE_RESPONSES:PSL_APPROX_LOCATION:DATA_USAGE_SHARING_PURPOSE,PSL_ANALYTICS,,MULTIPLE_CHOICE,استخدام البيانات ومعالجتها (الموقع الجغرافي التقريبي) / لماذا تتم مشاركة بيانات المستخدمين هذه؟ اختَر جميع الإجابات المناسبة. / إحصاءات
PSL_DATA_USAGE_RESPONSES:PSL_APPROX_LOCATION:DATA_USAGE_SHARING_PURPOSE,PSL_DEVELOPER_COMMUNICATIONS,,MULTIPLE_CHOICE,استخدام البيانات ومعالجتها (الموقع الجغرافي التقريبي) / لماذا تتم مشاركة بيانات المستخدمين هذه؟ اختَر جميع الإجابات المناسبة. / مراسلات المطوّر
PSL_DATA_USAGE_RESPONSES:PSL_APPROX_LOCATION:DATA_USAGE_SHARING_PURPOSE,PSL_FRAUD_PREVENTION_SECURITY,,MULTIPLE_CHOICE,استخدام البيانات ومعالجتها (الموقع الجغرافي التقريبي) / لماذا تتم مشاركة بيانات المستخدمين هذه؟ اختَر جميع الإجابات المناسبة. / منع الاحتيال والأمان والامتثال
PSL_DATA_USAGE_RESPONSES:PSL_APPROX_LOCATION:DATA_USAGE_SHARING_PURPOSE,PSL_ADVERTISING,,MULTIPLE_CHOICE,استخدام البيانات ومعالجتها (الموقع الجغرافي التقريبي) / لماذا تتم مشاركة بيانات المستخدمين هذه؟ اختَر جميع الإجابات المناسبة. / الإعلان أو التسويق
PSL_DATA_USAGE_RESPONSES:PSL_APPROX_LOCATION:DATA_USAGE_SHARING_PURPOSE,PSL_PERSONALIZATION,,MULTIPLE_CHOICE,استخدام البيانات ومعالجتها (الموقع الجغرافي التقريبي) / لماذا تتم مشاركة بيانات المستخدمين هذه؟ اختَر جميع الإجابات المناسبة. / تخصيص
PSL_DATA_USAGE_RESPONSES:PSL_APPROX_LOCATION:DATA_USAGE_SHARING_PURPOSE,PSL_ACCOUNT_MANAGEMENT,,MULTIPLE_CHOICE,استخدام البيانات ومعالجتها (الموقع الجغرافي التقريبي) / لماذا تتم مشاركة بيانات المستخدمين هذه؟ اختَر جميع الإجابات المناسبة. / إدارة الحساب
PSL_DATA_USAGE_RESPONSES:PSL_PRECISE_LOCATION:PSL_DATA_USAGE_COLLECTION_AND_SHARING,PSL_DATA_USAGE_ONLY_COLLECTED,,MULTIPLE_CHOICE,استخدام البيانات ومعالجتها (الموقع الجغرافي الدقيق) / هل يتم جمع هذه البيانات أو مشاركتها أو كلاهما؟ / بيانات يتم جمعها
PSL_DATA_USAGE_RESPONSES:PSL_PRECISE_LOCATION:PSL_DATA_USAGE_COLLECTION_AND_SHARING,PSL_DATA_USAGE_ONLY_SHARED,,MULTIPLE_CHOICE,استخدام البيانات ومعالجتها (الموقع الجغرافي الدقيق) / هل يتم جمع هذه البيانات أو مشاركتها أو كلاهما؟ / بيانات تتم مشاركتها
PSL_DATA_USAGE_RESPONSES:PSL_PRECISE_LOCATION:PSL_DATA_USAGE_EPHEMERAL,,,MAYBE_REQUIRED,استخدام البيانات ومعالجتها (الموقع الجغرافي الدقيق) / هل تتم معالجة هذه البيانات بشكل مؤقت؟
PSL_DATA_USAGE_RESPONSES:PSL_PRECISE_LOCATION:DATA_USAGE_USER_CONTROL,PSL_DATA_USAGE_USER_CONTROL_OPTIONAL,,SINGLE_CHOICE,استخدام البيانات ومعالجتها (الموقع الجغرافي الدقيق) / هل هذه البيانات مطلوبة لاستخدام تطبيقك، أو هل يمكن للمستخدمِين اختيار عدم جمعها؟ / يمكن للمستخدمِين اختيار جمع هذه البيانات أو عدم جمعها
PSL_DATA_USAGE_RESPONSES:PSL_PRECISE_LOCATION:DATA_USAGE_USER_CONTROL,PSL_DATA_USAGE_USER_CONTROL_REQUIRED,,SINGLE_CHOICE,استخدام البيانات ومعالجتها (الموقع الجغرافي الدقيق) / هل هذه البيانات مطلوبة لاستخدام تطبيقك، أو هل يمكن للمستخدمِين اختيار عدم جمعها؟ / جمع البيانات مطلوب (لا يمكن للمستخدمِين إيقاف عملية جمع البيانات)
PSL_DATA_USAGE_RESPONSES:PSL_PRECISE_LOCATION:DATA_USAGE_COLLECTION_PURPOSE,PSL_APP_FUNCTIONALITY,,MULTIPLE_CHOICE,استخدام البيانات ومعالجتها (الموقع الجغرافي الدقيق) / لماذا يتم جمع بيانات المستخدمين هذه؟ اختَر جميع الإجابات المناسبة. / وظائف التطبيق
PSL_DATA_USAGE_RESPONSES:PSL_PRECISE_LOCATION:DATA_USAGE_COLLECTION_PURPOSE,PSL_ANALYTICS,,MULTIPLE_CHOICE,استخدام البيانات ومعالجتها (الموقع الجغرافي الدقيق) / لماذا يتم جمع بيانات المستخدمين هذه؟ اختَر جميع الإجابات المناسبة. / إحصاءات
PSL_DATA_USAGE_RESPONSES:PSL_PRECISE_LOCATION:DATA_USAGE_COLLECTION_PURPOSE,PSL_DEVELOPER_COMMUNICATIONS,,MULTIPLE_CHOICE,استخدام البيانات ومعالجتها (الموقع الجغرافي الدقيق) / لماذا يتم جمع بيانات المستخدمين هذه؟ اختَر جميع الإجابات المناسبة. / مراسلات المطوّر
PSL_DATA_USAGE_RESPONSES:PSL_PRECISE_LOCATION:DATA_USAGE_COLLECTION_PURPOSE,PSL_FRAUD_PREVENTION_SECURITY,,MULTIPLE_CHOICE,استخدام البيانات ومعالجتها (الموقع الجغرافي الدقيق) / لماذا يتم جمع بيانات المستخدمين هذه؟ اختَر جميع الإجابات المناسبة. / منع الاحتيال والأمان والامتثال
PSL_DATA_USAGE_RESPONSES:PSL_PRECISE_LOCATION:DATA_USAGE_COLLECTION_PURPOSE,PSL_ADVERTISING,,MULTIPLE_CHOICE,استخدام البيانات ومعالجتها (الموقع الجغرافي الدقيق) / لماذا يتم جمع بيانات المستخدمين هذه؟ اختَر جميع الإجابات المناسبة. / الإعلان أو التسويق
PSL_DATA_USAGE_RESPONSES:PSL_PRECISE_LOCATION:DATA_USAGE_COLLECTION_PURPOSE,PSL_PERSONALIZATION,,MULTIPLE_CHOICE,استخدام البيانات ومعالجتها (الموقع الجغرافي الدقيق) / لماذا يتم جمع بيانات المستخدمين هذه؟ اختَر جميع الإجابات المناسبة. / تخصيص
PSL_DATA_USAGE_RESPONSES:PSL_PRECISE_LOCATION:DATA_USAGE_COLLECTION_PURPOSE,PSL_ACCOUNT_MANAGEMENT,,MULTIPLE_CHOICE,استخدام البيانات ومعالجتها (الموقع الجغرافي الدقيق) / لماذا يتم جمع بيانات المستخدمين هذه؟ اختَر جميع الإجابات المناسبة. / إدارة الحساب
PSL_DATA_USAGE_RESPONSES:PSL_PRECISE_LOCATION:DATA_USAGE_SHARING_PURPOSE,PSL_APP_FUNCTIONALITY,,MULTIPLE_CHOICE,استخدام البيانات ومعالجتها (الموقع الجغرافي الدقيق) / لماذا تتم مشاركة بيانات المستخدمين هذه؟ اختَر جميع الإجابات المناسبة. / وظائف التطبيق
PSL_DATA_USAGE_RESPONSES:PSL_PRECISE_LOCATION:DATA_USAGE_SHARING_PURPOSE,PSL_ANALYTICS,,MULTIPLE_CHOICE,استخدام البيانات ومعالجتها (الموقع الجغرافي الدقيق) / لماذا تتم مشاركة بيانات المستخدمين هذه؟ اختَر جميع الإجابات المناسبة. / إحصاءات
PSL_DATA_USAGE_RESPONSES:PSL_PRECISE_LOCATION:DATA_USAGE_SHARING_PURPOSE,PSL_DEVELOPER_COMMUNICATIONS,,MULTIPLE_CHOICE,استخدام البيانات ومعالجتها (الموقع الجغرافي الدقيق) / لماذا تتم مشاركة بيانات المستخدمين هذه؟ اختَر جميع الإجابات المناسبة. / مراسلات المطوّر
PSL_DATA_USAGE_RESPONSES:PSL_PRECISE_LOCATION:DATA_USAGE_SHARING_PURPOSE,PSL_FRAUD_PREVENTION_SECURITY,,MULTIPLE_CHOICE,استخدام البيانات ومعالجتها (الموقع الجغرافي الدقيق) / لماذا تتم مشاركة بيانات المستخدمين هذه؟ اختَر جميع الإجابات المناسبة. / منع الاحتيال والأمان والامتثال
PSL_DATA_USAGE_RESPONSES:PSL_PRECISE_LOCATION:DATA_USAGE_SHARING_PURPOSE,PSL_ADVERTISING,,MULTIPLE_CHOICE,استخدام البيانات ومعالجتها (الموقع الجغرافي الدقيق) / لماذا تتم مشاركة بيانات المستخدمين هذه؟ اختَر جميع الإجابات المناسبة. / الإعلان أو التسويق
PSL_DATA_USAGE_RESPONSES:PSL_PRECISE_LOCATION:DATA_USAGE_SHARING_PURPOSE,PSL_PERSONALIZATION,,MULTIPLE_CHOICE,استخدام البيانات ومعالجتها (الموقع الجغرافي الدقيق) / لماذا تتم مشاركة بيانات المستخدمين هذه؟ اختَر جميع الإجابات المناسبة. / تخصيص
PSL_DATA_USAGE_RESPONSES:PSL_PRECISE_LOCATION:DATA_USAGE_SHARING_PURPOSE,PSL_ACCOUNT_MANAGEMENT,,MULTIPLE_CHOICE,استخدام البيانات ومعالجتها (الموقع الجغرافي الدقيق) / لماذا تتم مشاركة بيانات المستخدمين هذه؟ اختَر جميع الإجابات المناسبة. / إدارة الحساب
PSL_DATA_USAGE_RESPONSES:PSL_WEB_BROWSING_HISTORY:PSL_DATA_USAGE_COLLECTION_AND_SHARING,PSL_DATA_USAGE_ONLY_COLLECTED,,MULTIPLE_CHOICE,استخدام البيانات ومعالجتها (سجلّ تصفُّح الويب) / هل يتم جمع هذه البيانات أو مشاركتها أو كلاهما؟ / بيانات يتم جمعها
PSL_DATA_USAGE_RESPONSES:PSL_WEB_BROWSING_HISTORY:PSL_DATA_USAGE_COLLECTION_AND_SHARING,PSL_DATA_USAGE_ONLY_SHARED,,MULTIPLE_CHOICE,استخدام البيانات ومعالجتها (سجلّ تصفُّح الويب) / هل يتم جمع هذه البيانات أو مشاركتها أو كلاهما؟ / بيانات تتم مشاركتها
PSL_DATA_USAGE_RESPONSES:PSL_WEB_BROWSING_HISTORY:PSL_DATA_USAGE_EPHEMERAL,,,MAYBE_REQUIRED,استخدام البيانات ومعالجتها (سجلّ تصفُّح الويب) / هل تتم معالجة هذه البيانات بشكل مؤقت؟
PSL_DATA_USAGE_RESPONSES:PSL_WEB_BROWSING_HISTORY:DATA_USAGE_USER_CONTROL,PSL_DATA_USAGE_USER_CONTROL_OPTIONAL,,SINGLE_CHOICE,استخدام البيانات ومعالجتها (سجلّ تصفُّح الويب) / هل هذه البيانات مطلوبة لاستخدام تطبيقك، أو هل يمكن للمستخدمِين اختيار عدم جمعها؟ / يمكن للمستخدمِين اختيار جمع هذه البيانات أو عدم جمعها
PSL_DATA_USAGE_RESPONSES:PSL_WEB_BROWSING_HISTORY:DATA_USAGE_USER_CONTROL,PSL_DATA_USAGE_USER_CONTROL_REQUIRED,,SINGLE_CHOICE,استخدام البيانات ومعالجتها (سجلّ تصفُّح الويب) / هل هذه البيانات مطلوبة لاستخدام تطبيقك، أو هل يمكن للمستخدمِين اختيار عدم جمعها؟ / جمع البيانات مطلوب (لا يمكن للمستخدمِين إيقاف عملية جمع البيانات)
PSL_DATA_USAGE_RESPONSES:PSL_WEB_BROWSING_HISTORY:DATA_USAGE_COLLECTION_PURPOSE,PSL_APP_FUNCTIONALITY,,MULTIPLE_CHOICE,استخدام البيانات ومعالجتها (سجلّ تصفُّح الويب) / لماذا يتم جمع بيانات المستخدمين هذه؟ اختَر جميع الإجابات المناسبة. / وظائف التطبيق
PSL_DATA_USAGE_RESPONSES:PSL_WEB_BROWSING_HISTORY:DATA_USAGE_COLLECTION_PURPOSE,PSL_ANALYTICS,,MULTIPLE_CHOICE,استخدام البيانات ومعالجتها (سجلّ تصفُّح الويب) / لماذا يتم جمع بيانات المستخدمين هذه؟ اختَر جميع الإجابات المناسبة. / إحصاءات
PSL_DATA_USAGE_RESPONSES:PSL_WEB_BROWSING_HISTORY:DATA_USAGE_COLLECTION_PURPOSE,PSL_DEVELOPER_COMMUNICATIONS,,MULTIPLE_CHOICE,استخدام البيانات ومعالجتها (سجلّ تصفُّح الويب) / لماذا يتم جمع بيانات المستخدمين هذه؟ اختَر جميع الإجابات المناسبة. / مراسلات المطوّر
PSL_DATA_USAGE_RESPONSES:PSL_WEB_BROWSING_HISTORY:DATA_USAGE_COLLECTION_PURPOSE,PSL_FRAUD_PREVENTION_SECURITY,,MULTIPLE_CHOICE,استخدام البيانات ومعالجتها (سجلّ تصفُّح الويب) / لماذا يتم جمع بيانات المستخدمين هذه؟ اختَر جميع الإجابات المناسبة. / منع الاحتيال والأمان والامتثال
PSL_DATA_USAGE_RESPONSES:PSL_WEB_BROWSING_HISTORY:DATA_USAGE_COLLECTION_PURPOSE,PSL_ADVERTISING,,MULTIPLE_CHOICE,استخدام البيانات ومعالجتها (سجلّ تصفُّح الويب) / لماذا يتم جمع بيانات المستخدمين هذه؟ اختَر جميع الإجابات المناسبة. / الإعلان أو التسويق
PSL_DATA_USAGE_RESPONSES:PSL_WEB_BROWSING_HISTORY:DATA_USAGE_COLLECTION_PURPOSE,PSL_PERSONALIZATION,,MULTIPLE_CHOICE,استخدام البيانات ومعالجتها (سجلّ تصفُّح الويب) / لماذا يتم جمع بيانات المستخدمين هذه؟ اختَر جميع الإجابات المناسبة. / تخصيص
PSL_DATA_USAGE_RESPONSES:PSL_WEB_BROWSING_HISTORY:DATA_USAGE_COLLECTION_PURPOSE,PSL_ACCOUNT_MANAGEMENT,,MULTIPLE_CHOICE,استخدام البيانات ومعالجتها (سجلّ تصفُّح الويب) / لماذا يتم جمع بيانات المستخدمين هذه؟ اختَر جميع الإجابات المناسبة. / إدارة الحساب
PSL_DATA_USAGE_RESPONSES:PSL_WEB_BROWSING_HISTORY:DATA_USAGE_SHARING_PURPOSE,PSL_APP_FUNCTIONALITY,,MULTIPLE_CHOICE,استخدام البيانات ومعالجتها (سجلّ تصفُّح الويب) / لماذا تتم مشاركة بيانات المستخدمين هذه؟ اختَر جميع الإجابات المناسبة. / وظائف التطبيق
PSL_DATA_USAGE_RESPONSES:PSL_WEB_BROWSING_HISTORY:DATA_USAGE_SHARING_PURPOSE,PSL_ANALYTICS,,MULTIPLE_CHOICE,استخدام البيانات ومعالجتها (سجلّ تصفُّح الويب) / لماذا تتم مشاركة بيانات المستخدمين هذه؟ اختَر جميع الإجابات المناسبة. / إحصاءات
PSL_DATA_USAGE_RESPONSES:PSL_WEB_BROWSING_HISTORY:DATA_USAGE_SHARING_PURPOSE,PSL_DEVELOPER_COMMUNICATIONS,,MULTIPLE_CHOICE,استخدام البيانات ومعالجتها (سجلّ تصفُّح الويب) / لماذا تتم مشاركة بيانات المستخدمين هذه؟ اختَر جميع الإجابات المناسبة. / مراسلات المطوّر
PSL_DATA_USAGE_RESPONSES:PSL_WEB_BROWSING_HISTORY:DATA_USAGE_SHARING_PURPOSE,PSL_FRAUD_PREVENTION_SECURITY,,MULTIPLE_CHOICE,استخدام البيانات ومعالجتها (سجلّ تصفُّح الويب) / لماذا تتم مشاركة بيانات المستخدمين هذه؟ اختَر جميع الإجابات المناسبة. / منع الاحتيال والأمان والامتثال
PSL_DATA_USAGE_RESPONSES:PSL_WEB_BROWSING_HISTORY:DATA_USAGE_SHARING_PURPOSE,PSL_ADVERTISING,,MULTIPLE_CHOICE,استخدام البيانات ومعالجتها (سجلّ تصفُّح الويب) / لماذا تتم مشاركة بيانات المستخدمين هذه؟ اختَر جميع الإجابات المناسبة. / الإعلان أو التسويق
PSL_DATA_USAGE_RESPONSES:PSL_WEB_BROWSING_HISTORY:DATA_USAGE_SHARING_PURPOSE,PSL_PERSONALIZATION,,MULTIPLE_CHOICE,استخدام البيانات ومعالجتها (سجلّ تصفُّح الويب) / لماذا تتم مشاركة بيانات المستخدمين هذه؟ اختَر جميع الإجابات المناسبة. / تخصيص
PSL_DATA_USAGE_RESPONSES:PSL_WEB_BROWSING_HISTORY:DATA_USAGE_SHARING_PURPOSE,PSL_ACCOUNT_MANAGEMENT,,MULTIPLE_CHOICE,استخدام البيانات ومعالجتها (سجلّ تصفُّح الويب) / لماذا تتم مشاركة بيانات المستخدمين هذه؟ اختَر جميع الإجابات المناسبة. / إدارة الحساب
PSL_DATA_USAGE_RESPONSES:PSL_EMAILS:PSL_DATA_USAGE_COLLECTION_AND_SHARING,PSL_DATA_USAGE_ONLY_COLLECTED,,MULTIPLE_CHOICE,استخدام البيانات ومعالجتها (الرسائل الإلكترونية) / هل يتم جمع هذه البيانات أو مشاركتها أو كلاهما؟ / بيانات يتم جمعها
PSL_DATA_USAGE_RESPONSES:PSL_EMAILS:PSL_DATA_USAGE_COLLECTION_AND_SHARING,PSL_DATA_USAGE_ONLY_SHARED,,MULTIPLE_CHOICE,استخدام البيانات ومعالجتها (الرسائل الإلكترونية) / هل يتم جمع هذه البيانات أو مشاركتها أو كلاهما؟ / بيانات تتم مشاركتها
PSL_DATA_USAGE_RESPONSES:PSL_EMAILS:PSL_DATA_USAGE_EPHEMERAL,,,MAYBE_REQUIRED,استخدام البيانات ومعالجتها (الرسائل الإلكترونية) / هل تتم معالجة هذه البيانات بشكل مؤقت؟
PSL_DATA_USAGE_RESPONSES:PSL_EMAILS:DATA_USAGE_USER_CONTROL,PSL_DATA_USAGE_USER_CONTROL_OPTIONAL,,SINGLE_CHOICE,استخدام البيانات ومعالجتها (الرسائل الإلكترونية) / هل هذه البيانات مطلوبة لاستخدام تطبيقك، أو هل يمكن للمستخدمِين اختيار عدم جمعها؟ / يمكن للمستخدمِين اختيار جمع هذه البيانات أو عدم جمعها
PSL_DATA_USAGE_RESPONSES:PSL_EMAILS:DATA_USAGE_USER_CONTROL,PSL_DATA_USAGE_USER_CONTROL_REQUIRED,,SINGLE_CHOICE,استخدام البيانات ومعالجتها (الرسائل الإلكترونية) / هل هذه البيانات مطلوبة لاستخدام تطبيقك، أو هل يمكن للمستخدمِين اختيار عدم جمعها؟ / جمع البيانات مطلوب (لا يمكن للمستخدمِين إيقاف عملية جمع البيانات)
PSL_DATA_USAGE_RESPONSES:PSL_EMAILS:DATA_USAGE_COLLECTION_PURPOSE,PSL_APP_FUNCTIONALITY,,MULTIPLE_CHOICE,استخدام البيانات ومعالجتها (الرسائل الإلكترونية) / لماذا يتم جمع بيانات المستخدمين هذه؟ اختَر جميع الإجابات المناسبة. / وظائف التطبيق
PSL_DATA_USAGE_RESPONSES:PSL_EMAILS:DATA_USAGE_COLLECTION_PURPOSE,PSL_ANALYTICS,,MULTIPLE_CHOICE,استخدام البيانات ومعالجتها (الرسائل الإلكترونية) / لماذا يتم جمع بيانات المستخدمين هذه؟ اختَر جميع الإجابات المناسبة. / إحصاءات
PSL_DATA_USAGE_RESPONSES:PSL_EMAILS:DATA_USAGE_COLLECTION_PURPOSE,PSL_DEVELOPER_COMMUNICATIONS,,MULTIPLE_CHOICE,استخدام البيانات ومعالجتها (الرسائل الإلكترونية) / لماذا يتم جمع بيانات المستخدمين هذه؟ اختَر جميع الإجابات المناسبة. / مراسلات المطوّر
PSL_DATA_USAGE_RESPONSES:PSL_EMAILS:DATA_USAGE_COLLECTION_PURPOSE,PSL_FRAUD_PREVENTION_SECURITY,,MULTIPLE_CHOICE,استخدام البيانات ومعالجتها (الرسائل الإلكترونية) / لماذا يتم جمع بيانات المستخدمين هذه؟ اختَر جميع الإجابات المناسبة. / منع الاحتيال والأمان والامتثال
PSL_DATA_USAGE_RESPONSES:PSL_EMAILS:DATA_USAGE_COLLECTION_PURPOSE,PSL_ADVERTISING,,MULTIPLE_CHOICE,استخدام البيانات ومعالجتها (الرسائل الإلكترونية) / لماذا يتم جمع بيانات المستخدمين هذه؟ اختَر جميع الإجابات المناسبة. / الإعلان أو التسويق
PSL_DATA_USAGE_RESPONSES:PSL_EMAILS:DATA_USAGE_COLLECTION_PURPOSE,PSL_PERSONALIZATION,,MULTIPLE_CHOICE,استخدام البيانات ومعالجتها (الرسائل الإلكترونية) / لماذا يتم جمع بيانات المستخدمين هذه؟ اختَر جميع الإجابات المناسبة. / تخصيص
PSL_DATA_USAGE_RESPONSES:PSL_EMAILS:DATA_USAGE_COLLECTION_PURPOSE,PSL_ACCOUNT_MANAGEMENT,,MULTIPLE_CHOICE,استخدام البيانات ومعالجتها (الرسائل الإلكترونية) / لماذا يتم جمع بيانات المستخدمين هذه؟ اختَر جميع الإجابات المناسبة. / إدارة الحساب
PSL_DATA_USAGE_RESPONSES:PSL_EMAILS:DATA_USAGE_SHARING_PURPOSE,PSL_APP_FUNCTIONALITY,,MULTIPLE_CHOICE,استخدام البيانات ومعالجتها (الرسائل الإلكترونية) / لماذا تتم مشاركة بيانات المستخدمين هذه؟ اختَر جميع الإجابات المناسبة. / وظائف التطبيق
PSL_DATA_USAGE_RESPONSES:PSL_EMAILS:DATA_USAGE_SHARING_PURPOSE,PSL_ANALYTICS,,MULTIPLE_CHOICE,استخدام البيانات ومعالجتها (الرسائل الإلكترونية) / لماذا تتم مشاركة بيانات المستخدمين هذه؟ اختَر جميع الإجابات المناسبة. / إحصاءات
PSL_DATA_USAGE_RESPONSES:PSL_EMAILS:DATA_USAGE_SHARING_PURPOSE,PSL_DEVELOPER_COMMUNICATIONS,,MULTIPLE_CHOICE,استخدام البيانات ومعالجتها (الرسائل الإلكترونية) / لماذا تتم مشاركة بيانات المستخدمين هذه؟ اختَر جميع الإجابات المناسبة. / مراسلات المطوّر
PSL_DATA_USAGE_RESPONSES:PSL_EMAILS:DATA_USAGE_SHARING_PURPOSE,PSL_FRAUD_PREVENTION_SECURITY,,MULTIPLE_CHOICE,استخدام البيانات ومعالجتها (الرسائل الإلكترونية) / لماذا تتم مشاركة بيانات المستخدمين هذه؟ اختَر جميع الإجابات المناسبة. / منع الاحتيال والأمان والامتثال
PSL_DATA_USAGE_RESPONSES:PSL_EMAILS:DATA_USAGE_SHARING_PURPOSE,PSL_ADVERTISING,,MULTIPLE_CHOICE,استخدام البيانات ومعالجتها (الرسائل الإلكترونية) / لماذا تتم مشاركة بيانات المستخدمين هذه؟ اختَر جميع الإجابات المناسبة. / الإعلان أو التسويق
PSL_DATA_USAGE_RESPONSES:PSL_EMAILS:DATA_USAGE_SHARING_PURPOSE,PSL_PERSONALIZATION,,MULTIPLE_CHOICE,استخدام البيانات ومعالجتها (الرسائل الإلكترونية) / لماذا تتم مشاركة بيانات المستخدمين هذه؟ اختَر جميع الإجابات المناسبة. / تخصيص
PSL_DATA_USAGE_RESPONSES:PSL_EMAILS:DATA_USAGE_SHARING_PURPOSE,PSL_ACCOUNT_MANAGEMENT,,MULTIPLE_CHOICE,استخدام البيانات ومعالجتها (الرسائل الإلكترونية) / لماذا تتم مشاركة بيانات المستخدمين هذه؟ اختَر جميع الإجابات المناسبة. / إدارة الحساب
PSL_DATA_USAGE_RESPONSES:PSL_SMS_CALL_LOG:PSL_DATA_USAGE_COLLECTION_AND_SHARING,PSL_DATA_USAGE_ONLY_COLLECTED,,MULTIPLE_CHOICE,استخدام البيانات ومعالجتها (الرسائل القصيرة (SMS) أو رسائل الوسائط المتعددة (MMS)) / هل يتم جمع هذه البيانات أو مشاركتها أو كلاهما؟ / بيانات يتم جمعها
PSL_DATA_USAGE_RESPONSES:PSL_SMS_CALL_LOG:PSL_DATA_USAGE_COLLECTION_AND_SHARING,PSL_DATA_USAGE_ONLY_SHARED,,MULTIPLE_CHOICE,استخدام البيانات ومعالجتها (الرسائل القصيرة (SMS) أو رسائل الوسائط المتعددة (MMS)) / هل يتم جمع هذه البيانات أو مشاركتها أو كلاهما؟ / بيانات تتم مشاركتها
PSL_DATA_USAGE_RESPONSES:PSL_SMS_CALL_LOG:PSL_DATA_USAGE_EPHEMERAL,,,MAYBE_REQUIRED,استخدام البيانات ومعالجتها (الرسائل القصيرة (SMS) أو رسائل الوسائط المتعددة (MMS)) / هل تتم معالجة هذه البيانات بشكل مؤقت؟
PSL_DATA_USAGE_RESPONSES:PSL_SMS_CALL_LOG:DATA_USAGE_USER_CONTROL,PSL_DATA_USAGE_USER_CONTROL_OPTIONAL,,SINGLE_CHOICE,استخدام البيانات ومعالجتها (الرسائل القصيرة (SMS) أو رسائل الوسائط المتعددة (MMS)) / هل هذه البيانات مطلوبة لاستخدام تطبيقك، أو هل يمكن للمستخدمِين اختيار عدم جمعها؟ / يمكن للمستخدمِين اختيار جمع هذه البيانات أو عدم جمعها
PSL_DATA_USAGE_RESPONSES:PSL_SMS_CALL_LOG:DATA_USAGE_USER_CONTROL,PSL_DATA_USAGE_USER_CONTROL_REQUIRED,,SINGLE_CHOICE,استخدام البيانات ومعالجتها (الرسائل القصيرة (SMS) أو رسائل الوسائط المتعددة (MMS)) / هل هذه البيانات مطلوبة لاستخدام تطبيقك، أو هل يمكن للمستخدمِين اختيار عدم جمعها؟ / جمع البيانات مطلوب (لا يمكن للمستخدمِين إيقاف عملية جمع البيانات)
PSL_DATA_USAGE_RESPONSES:PSL_SMS_CALL_LOG:DATA_USAGE_COLLECTION_PURPOSE,PSL_APP_FUNCTIONALITY,,MULTIPLE_CHOICE,استخدام البيانات ومعالجتها (الرسائل القصيرة (SMS) أو رسائل الوسائط المتعددة (MMS)) / لماذا يتم جمع بيانات المستخدمين هذه؟ اختَر جميع الإجابات المناسبة. / وظائف التطبيق
PSL_DATA_USAGE_RESPONSES:PSL_SMS_CALL_LOG:DATA_USAGE_COLLECTION_PURPOSE,PSL_ANALYTICS,,MULTIPLE_CHOICE,استخدام البيانات ومعالجتها (الرسائل القصيرة (SMS) أو رسائل الوسائط المتعددة (MMS)) / لماذا يتم جمع بيانات المستخدمين هذه؟ اختَر جميع الإجابات المناسبة. / إحصاءات
PSL_DATA_USAGE_RESPONSES:PSL_SMS_CALL_LOG:DATA_USAGE_COLLECTION_PURPOSE,PSL_DEVELOPER_COMMUNICATIONS,,MULTIPLE_CHOICE,استخدام البيانات ومعالجتها (الرسائل القصيرة (SMS) أو رسائل الوسائط المتعددة (MMS)) / لماذا يتم جمع بيانات المستخدمين هذه؟ اختَر جميع الإجابات المناسبة. / مراسلات المطوّر
PSL_DATA_USAGE_RESPONSES:PSL_SMS_CALL_LOG:DATA_USAGE_COLLECTION_PURPOSE,PSL_FRAUD_PREVENTION_SECURITY,,MULTIPLE_CHOICE,استخدام البيانات ومعالجتها (الرسائل القصيرة (SMS) أو رسائل الوسائط المتعددة (MMS)) / لماذا يتم جمع بيانات المستخدمين هذه؟ اختَر جميع الإجابات المناسبة. / منع الاحتيال والأمان والامتثال
PSL_DATA_USAGE_RESPONSES:PSL_SMS_CALL_LOG:DATA_USAGE_COLLECTION_PURPOSE,PSL_ADVERTISING,,MULTIPLE_CHOICE,استخدام البيانات ومعالجتها (الرسائل القصيرة (SMS) أو رسائل الوسائط المتعددة (MMS)) / لماذا يتم جمع بيانات المستخدمين هذه؟ اختَر جميع الإجابات المناسبة. / الإعلان أو التسويق
PSL_DATA_USAGE_RESPONSES:PSL_SMS_CALL_LOG:DATA_USAGE_COLLECTION_PURPOSE,PSL_PERSONALIZATION,,MULTIPLE_CHOICE,استخدام البيانات ومعالجتها (الرسائل القصيرة (SMS) أو رسائل الوسائط المتعددة (MMS)) / لماذا يتم جمع بيانات المستخدمين هذه؟ اختَر جميع الإجابات المناسبة. / تخصيص
PSL_DATA_USAGE_RESPONSES:PSL_SMS_CALL_LOG:DATA_USAGE_COLLECTION_PURPOSE,PSL_ACCOUNT_MANAGEMENT,,MULTIPLE_CHOICE,استخدام البيانات ومعالجتها (الرسائل القصيرة (SMS) أو رسائل الوسائط المتعددة (MMS)) / لماذا يتم جمع بيانات المستخدمين هذه؟ اختَر جميع الإجابات المناسبة. / إدارة الحساب
PSL_DATA_USAGE_RESPONSES:PSL_SMS_CALL_LOG:DATA_USAGE_SHARING_PURPOSE,PSL_APP_FUNCTIONALITY,,MULTIPLE_CHOICE,استخدام البيانات ومعالجتها (الرسائل القصيرة (SMS) أو رسائل الوسائط المتعددة (MMS)) / لماذا تتم مشاركة بيانات المستخدمين هذه؟ اختَر جميع الإجابات المناسبة. / وظائف التطبيق
PSL_DATA_USAGE_RESPONSES:PSL_SMS_CALL_LOG:DATA_USAGE_SHARING_PURPOSE,PSL_ANALYTICS,,MULTIPLE_CHOICE,استخدام البيانات ومعالجتها (الرسائل القصيرة (SMS) أو رسائل الوسائط المتعددة (MMS)) / لماذا تتم مشاركة بيانات المستخدمين هذه؟ اختَر جميع الإجابات المناسبة. / إحصاءات
PSL_DATA_USAGE_RESPONSES:PSL_SMS_CALL_LOG:DATA_USAGE_SHARING_PURPOSE,PSL_DEVELOPER_COMMUNICATIONS,,MULTIPLE_CHOICE,استخدام البيانات ومعالجتها (الرسائل القصيرة (SMS) أو رسائل الوسائط المتعددة (MMS)) / لماذا تتم مشاركة بيانات المستخدمين هذه؟ اختَر جميع الإجابات المناسبة. / مراسلات المطوّر
PSL_DATA_USAGE_RESPONSES:PSL_SMS_CALL_LOG:DATA_USAGE_SHARING_PURPOSE,PSL_FRAUD_PREVENTION_SECURITY,,MULTIPLE_CHOICE,استخدام البيانات ومعالجتها (الرسائل القصيرة (SMS) أو رسائل الوسائط المتعددة (MMS)) / لماذا تتم مشاركة بيانات المستخدمين هذه؟ اختَر جميع الإجابات المناسبة. / منع الاحتيال والأمان والامتثال
PSL_DATA_USAGE_RESPONSES:PSL_SMS_CALL_LOG:DATA_USAGE_SHARING_PURPOSE,PSL_ADVERTISING,,MULTIPLE_CHOICE,استخدام البيانات ومعالجتها (الرسائل القصيرة (SMS) أو رسائل الوسائط المتعددة (MMS)) / لماذا تتم مشاركة بيانات المستخدمين هذه؟ اختَر جميع الإجابات المناسبة. / الإعلان أو التسويق
PSL_DATA_USAGE_RESPONSES:PSL_SMS_CALL_LOG:DATA_USAGE_SHARING_PURPOSE,PSL_PERSONALIZATION,,MULTIPLE_CHOICE,استخدام البيانات ومعالجتها (الرسائل القصيرة (SMS) أو رسائل الوسائط المتعددة (MMS)) / لماذا تتم مشاركة بيانات المستخدمين هذه؟ اختَر جميع الإجابات المناسبة. / تخصيص
PSL_DATA_USAGE_RESPONSES:PSL_SMS_CALL_LOG:DATA_USAGE_SHARING_PURPOSE,PSL_ACCOUNT_MANAGEMENT,,MULTIPLE_CHOICE,استخدام البيانات ومعالجتها (الرسائل القصيرة (SMS) أو رسائل الوسائط المتعددة (MMS)) / لماذا تتم مشاركة بيانات المستخدمين هذه؟ اختَر جميع الإجابات المناسبة. / إدارة الحساب
PSL_DATA_USAGE_RESPONSES:PSL_OTHER_MESSAGES:PSL_DATA_USAGE_COLLECTION_AND_SHARING,PSL_DATA_USAGE_ONLY_COLLECTED,true,MULTIPLE_CHOICE,استخدام البيانات ومعالجتها (الرسائل الأخرى داخل التطبيق) / هل يتم جمع هذه البيانات أو مشاركتها أو كلاهما؟ / بيانات يتم جمعها
PSL_DATA_USAGE_RESPONSES:PSL_OTHER_MESSAGES:PSL_DATA_USAGE_COLLECTION_AND_SHARING,PSL_DATA_USAGE_ONLY_SHARED,,MULTIPLE_CHOICE,استخدام البيانات ومعالجتها (الرسائل الأخرى داخل التطبيق) / هل يتم جمع هذه البيانات أو مشاركتها أو كلاهما؟ / بيانات تتم مشاركتها
PSL_DATA_USAGE_RESPONSES:PSL_OTHER_MESSAGES:PSL_DATA_USAGE_EPHEMERAL,,true,MAYBE_REQUIRED,استخدام البيانات ومعالجتها (الرسائل الأخرى داخل التطبيق) / هل تتم معالجة هذه البيانات بشكل مؤقت؟
PSL_DATA_USAGE_RESPONSES:PSL_OTHER_MESSAGES:DATA_USAGE_USER_CONTROL,PSL_DATA_USAGE_USER_CONTROL_OPTIONAL,true,SINGLE_CHOICE,استخدام البيانات ومعالجتها (الرسائل الأخرى داخل التطبيق) / هل هذه البيانات مطلوبة لاستخدام تطبيقك، أو هل يمكن للمستخدمِين اختيار عدم جمعها؟ / يمكن للمستخدمِين اختيار جمع هذه البيانات أو عدم جمعها
PSL_DATA_USAGE_RESPONSES:PSL_OTHER_MESSAGES:DATA_USAGE_USER_CONTROL,PSL_DATA_USAGE_USER_CONTROL_REQUIRED,,SINGLE_CHOICE,استخدام البيانات ومعالجتها (الرسائل الأخرى داخل التطبيق) / هل هذه البيانات مطلوبة لاستخدام تطبيقك، أو هل يمكن للمستخدمِين اختيار عدم جمعها؟ / جمع البيانات مطلوب (لا يمكن للمستخدمِين إيقاف عملية جمع البيانات)
PSL_DATA_USAGE_RESPONSES:PSL_OTHER_MESSAGES:DATA_USAGE_COLLECTION_PURPOSE,PSL_APP_FUNCTIONALITY,true,MULTIPLE_CHOICE,استخدام البيانات ومعالجتها (الرسائل الأخرى داخل التطبيق) / لماذا يتم جمع بيانات المستخدمين هذه؟ اختَر جميع الإجابات المناسبة. / وظائف التطبيق
PSL_DATA_USAGE_RESPONSES:PSL_OTHER_MESSAGES:DATA_USAGE_COLLECTION_PURPOSE,PSL_ANALYTICS,,MULTIPLE_CHOICE,استخدام البيانات ومعالجتها (الرسائل الأخرى داخل التطبيق) / لماذا يتم جمع بيانات المستخدمين هذه؟ اختَر جميع الإجابات المناسبة. / إحصاءات
PSL_DATA_USAGE_RESPONSES:PSL_OTHER_MESSAGES:DATA_USAGE_COLLECTION_PURPOSE,PSL_DEVELOPER_COMMUNICATIONS,,MULTIPLE_CHOICE,استخدام البيانات ومعالجتها (الرسائل الأخرى داخل التطبيق) / لماذا يتم جمع بيانات المستخدمين هذه؟ اختَر جميع الإجابات المناسبة. / مراسلات المطوّر
PSL_DATA_USAGE_RESPONSES:PSL_OTHER_MESSAGES:DATA_USAGE_COLLECTION_PURPOSE,PSL_FRAUD_PREVENTION_SECURITY,,MULTIPLE_CHOICE,استخدام البيانات ومعالجتها (الرسائل الأخرى داخل التطبيق) / لماذا يتم جمع بيانات المستخدمين هذه؟ اختَر جميع الإجابات المناسبة. / منع الاحتيال والأمان والامتثال
PSL_DATA_USAGE_RESPONSES:PSL_OTHER_MESSAGES:DATA_USAGE_COLLECTION_PURPOSE,PSL_ADVERTISING,,MULTIPLE_CHOICE,استخدام البيانات ومعالجتها (الرسائل الأخرى داخل التطبيق) / لماذا يتم جمع بيانات المستخدمين هذه؟ اختَر جميع الإجابات المناسبة. / الإعلان أو التسويق
PSL_DATA_USAGE_RESPONSES:PSL_OTHER_MESSAGES:DATA_USAGE_COLLECTION_PURPOSE,PSL_PERSONALIZATION,,MULTIPLE_CHOICE,استخدام البيانات ومعالجتها (الرسائل الأخرى داخل التطبيق) / لماذا يتم جمع بيانات المستخدمين هذه؟ اختَر جميع الإجابات المناسبة. / تخصيص
PSL_DATA_USAGE_RESPONSES:PSL_OTHER_MESSAGES:DATA_USAGE_COLLECTION_PURPOSE,PSL_ACCOUNT_MANAGEMENT,,MULTIPLE_CHOICE,استخدام البيانات ومعالجتها (الرسائل الأخرى داخل التطبيق) / لماذا يتم جمع بيانات المستخدمين هذه؟ اختَر جميع الإجابات المناسبة. / إدارة الحساب
PSL_DATA_USAGE_RESPONSES:PSL_OTHER_MESSAGES:DATA_USAGE_SHARING_PURPOSE,PSL_APP_FUNCTIONALITY,,MULTIPLE_CHOICE,استخدام البيانات ومعالجتها (الرسائل الأخرى داخل التطبيق) / لماذا تتم مشاركة بيانات المستخدمين هذه؟ اختَر جميع الإجابات المناسبة. / وظائف التطبيق
PSL_DATA_USAGE_RESPONSES:PSL_OTHER_MESSAGES:DATA_USAGE_SHARING_PURPOSE,PSL_ANALYTICS,,MULTIPLE_CHOICE,استخدام البيانات ومعالجتها (الرسائل الأخرى داخل التطبيق) / لماذا تتم مشاركة بيانات المستخدمين هذه؟ اختَر جميع الإجابات المناسبة. / إحصاءات
PSL_DATA_USAGE_RESPONSES:PSL_OTHER_MESSAGES:DATA_USAGE_SHARING_PURPOSE,PSL_DEVELOPER_COMMUNICATIONS,,MULTIPLE_CHOICE,استخدام البيانات ومعالجتها (الرسائل الأخرى داخل التطبيق) / لماذا تتم مشاركة بيانات المستخدمين هذه؟ اختَر جميع الإجابات المناسبة. / مراسلات المطوّر
PSL_DATA_USAGE_RESPONSES:PSL_OTHER_MESSAGES:DATA_USAGE_SHARING_PURPOSE,PSL_FRAUD_PREVENTION_SECURITY,,MULTIPLE_CHOICE,استخدام البيانات ومعالجتها (الرسائل الأخرى داخل التطبيق) / لماذا تتم مشاركة بيانات المستخدمين هذه؟ اختَر جميع الإجابات المناسبة. / منع الاحتيال والأمان والامتثال
PSL_DATA_USAGE_RESPONSES:PSL_OTHER_MESSAGES:DATA_USAGE_SHARING_PURPOSE,PSL_ADVERTISING,,MULTIPLE_CHOICE,استخدام البيانات ومعالجتها (الرسائل الأخرى داخل التطبيق) / لماذا تتم مشاركة بيانات المستخدمين هذه؟ اختَر جميع الإجابات المناسبة. / الإعلان أو التسويق
PSL_DATA_USAGE_RESPONSES:PSL_OTHER_MESSAGES:DATA_USAGE_SHARING_PURPOSE,PSL_PERSONALIZATION,,MULTIPLE_CHOICE,استخدام البيانات ومعالجتها (الرسائل الأخرى داخل التطبيق) / لماذا تتم مشاركة بيانات المستخدمين هذه؟ اختَر جميع الإجابات المناسبة. / تخصيص
PSL_DATA_USAGE_RESPONSES:PSL_OTHER_MESSAGES:DATA_USAGE_SHARING_PURPOSE,PSL_ACCOUNT_MANAGEMENT,,MULTIPLE_CHOICE,استخدام البيانات ومعالجتها (الرسائل الأخرى داخل التطبيق) / لماذا تتم مشاركة بيانات المستخدمين هذه؟ اختَر جميع الإجابات المناسبة. / إدارة الحساب
PSL_DATA_USAGE_RESPONSES:PSL_PHOTOS:PSL_DATA_USAGE_COLLECTION_AND_SHARING,PSL_DATA_USAGE_ONLY_COLLECTED,true,MULTIPLE_CHOICE,استخدام البيانات ومعالجتها (الصور) / هل يتم جمع هذه البيانات أو مشاركتها أو كلاهما؟ / بيانات يتم جمعها
PSL_DATA_USAGE_RESPONSES:PSL_PHOTOS:PSL_DATA_USAGE_COLLECTION_AND_SHARING,PSL_DATA_USAGE_ONLY_SHARED,,MULTIPLE_CHOICE,استخدام البيانات ومعالجتها (الصور) / هل يتم جمع هذه البيانات أو مشاركتها أو كلاهما؟ / بيانات تتم مشاركتها
PSL_DATA_USAGE_RESPONSES:PSL_PHOTOS:PSL_DATA_USAGE_EPHEMERAL,,true,MAYBE_REQUIRED,استخدام البيانات ومعالجتها (الصور) / هل تتم معالجة هذه البيانات بشكل مؤقت؟
PSL_DATA_USAGE_RESPONSES:PSL_PHOTOS:DATA_USAGE_USER_CONTROL,PSL_DATA_USAGE_USER_CONTROL_OPTIONAL,true,SINGLE_CHOICE,استخدام البيانات ومعالجتها (الصور) / هل هذه البيانات مطلوبة لاستخدام تطبيقك، أو هل يمكن للمستخدمِين اختيار عدم جمعها؟ / يمكن للمستخدمِين اختيار جمع هذه البيانات أو عدم جمعها
PSL_DATA_USAGE_RESPONSES:PSL_PHOTOS:DATA_USAGE_USER_CONTROL,PSL_DATA_USAGE_USER_CONTROL_REQUIRED,,SINGLE_CHOICE,استخدام البيانات ومعالجتها (الصور) / هل هذه البيانات مطلوبة لاستخدام تطبيقك، أو هل يمكن للمستخدمِين اختيار عدم جمعها؟ / جمع البيانات مطلوب (لا يمكن للمستخدمِين إيقاف عملية جمع البيانات)
PSL_DATA_USAGE_RESPONSES:PSL_PHOTOS:DATA_USAGE_COLLECTION_PURPOSE,PSL_APP_FUNCTIONALITY,true,MULTIPLE_CHOICE,استخدام البيانات ومعالجتها (الصور) / لماذا يتم جمع بيانات المستخدمين هذه؟ اختَر جميع الإجابات المناسبة. / وظائف التطبيق
PSL_DATA_USAGE_RESPONSES:PSL_PHOTOS:DATA_USAGE_COLLECTION_PURPOSE,PSL_ANALYTICS,,MULTIPLE_CHOICE,استخدام البيانات ومعالجتها (الصور) / لماذا يتم جمع بيانات المستخدمين هذه؟ اختَر جميع الإجابات المناسبة. / إحصاءات
PSL_DATA_USAGE_RESPONSES:PSL_PHOTOS:DATA_USAGE_COLLECTION_PURPOSE,PSL_DEVELOPER_COMMUNICATIONS,,MULTIPLE_CHOICE,استخدام البيانات ومعالجتها (الصور) / لماذا يتم جمع بيانات المستخدمين هذه؟ اختَر جميع الإجابات المناسبة. / مراسلات المطوّر
PSL_DATA_USAGE_RESPONSES:PSL_PHOTOS:DATA_USAGE_COLLECTION_PURPOSE,PSL_FRAUD_PREVENTION_SECURITY,,MULTIPLE_CHOICE,استخدام البيانات ومعالجتها (الصور) / لماذا يتم جمع بيانات المستخدمين هذه؟ اختَر جميع الإجابات المناسبة. / منع الاحتيال والأمان والامتثال
PSL_DATA_USAGE_RESPONSES:PSL_PHOTOS:DATA_USAGE_COLLECTION_PURPOSE,PSL_ADVERTISING,,MULTIPLE_CHOICE,استخدام البيانات ومعالجتها (الصور) / لماذا يتم جمع بيانات المستخدمين هذه؟ اختَر جميع الإجابات المناسبة. / الإعلان أو التسويق
PSL_DATA_USAGE_RESPONSES:PSL_PHOTOS:DATA_USAGE_COLLECTION_PURPOSE,PSL_PERSONALIZATION,,MULTIPLE_CHOICE,استخدام البيانات ومعالجتها (الصور) / لماذا يتم جمع بيانات المستخدمين هذه؟ اختَر جميع الإجابات المناسبة. / تخصيص
PSL_DATA_USAGE_RESPONSES:PSL_PHOTOS:DATA_USAGE_COLLECTION_PURPOSE,PSL_ACCOUNT_MANAGEMENT,,MULTIPLE_CHOICE,استخدام البيانات ومعالجتها (الصور) / لماذا يتم جمع بيانات المستخدمين هذه؟ اختَر جميع الإجابات المناسبة. / إدارة الحساب
PSL_DATA_USAGE_RESPONSES:PSL_PHOTOS:DATA_USAGE_SHARING_PURPOSE,PSL_APP_FUNCTIONALITY,,MULTIPLE_CHOICE,استخدام البيانات ومعالجتها (الصور) / لماذا تتم مشاركة بيانات المستخدمين هذه؟ اختَر جميع الإجابات المناسبة. / وظائف التطبيق
PSL_DATA_USAGE_RESPONSES:PSL_PHOTOS:DATA_USAGE_SHARING_PURPOSE,PSL_ANALYTICS,,MULTIPLE_CHOICE,استخدام البيانات ومعالجتها (الصور) / لماذا تتم مشاركة بيانات المستخدمين هذه؟ اختَر جميع الإجابات المناسبة. / إحصاءات
PSL_DATA_USAGE_RESPONSES:PSL_PHOTOS:DATA_USAGE_SHARING_PURPOSE,PSL_DEVELOPER_COMMUNICATIONS,,MULTIPLE_CHOICE,استخدام البيانات ومعالجتها (الصور) / لماذا تتم مشاركة بيانات المستخدمين هذه؟ اختَر جميع الإجابات المناسبة. / مراسلات المطوّر
PSL_DATA_USAGE_RESPONSES:PSL_PHOTOS:DATA_USAGE_SHARING_PURPOSE,PSL_FRAUD_PREVENTION_SECURITY,,MULTIPLE_CHOICE,استخدام البيانات ومعالجتها (الصور) / لماذا تتم مشاركة بيانات المستخدمين هذه؟ اختَر جميع الإجابات المناسبة. / منع الاحتيال والأمان والامتثال
PSL_DATA_USAGE_RESPONSES:PSL_PHOTOS:DATA_USAGE_SHARING_PURPOSE,PSL_ADVERTISING,,MULTIPLE_CHOICE,استخدام البيانات ومعالجتها (الصور) / لماذا تتم مشاركة بيانات المستخدمين هذه؟ اختَر جميع الإجابات المناسبة. / الإعلان أو التسويق
PSL_DATA_USAGE_RESPONSES:PSL_PHOTOS:DATA_USAGE_SHARING_PURPOSE,PSL_PERSONALIZATION,,MULTIPLE_CHOICE,استخدام البيانات ومعالجتها (الصور) / لماذا تتم مشاركة بيانات المستخدمين هذه؟ اختَر جميع الإجابات المناسبة. / تخصيص
PSL_DATA_USAGE_RESPONSES:PSL_PHOTOS:DATA_USAGE_SHARING_PURPOSE,PSL_ACCOUNT_MANAGEMENT,,MULTIPLE_CHOICE,استخدام البيانات ومعالجتها (الصور) / لماذا تتم مشاركة بيانات المستخدمين هذه؟ اختَر جميع الإجابات المناسبة. / إدارة الحساب
PSL_DATA_USAGE_RESPONSES:PSL_VIDEOS:PSL_DATA_USAGE_COLLECTION_AND_SHARING,PSL_DATA_USAGE_ONLY_COLLECTED,,MULTIPLE_CHOICE,استخدام البيانات ومعالجتها (الفيديوهات) / هل يتم جمع هذه البيانات أو مشاركتها أو كلاهما؟ / بيانات يتم جمعها
PSL_DATA_USAGE_RESPONSES:PSL_VIDEOS:PSL_DATA_USAGE_COLLECTION_AND_SHARING,PSL_DATA_USAGE_ONLY_SHARED,,MULTIPLE_CHOICE,استخدام البيانات ومعالجتها (الفيديوهات) / هل يتم جمع هذه البيانات أو مشاركتها أو كلاهما؟ / بيانات تتم مشاركتها
PSL_DATA_USAGE_RESPONSES:PSL_VIDEOS:PSL_DATA_USAGE_EPHEMERAL,,,MAYBE_REQUIRED,استخدام البيانات ومعالجتها (الفيديوهات) / هل تتم معالجة هذه البيانات بشكل مؤقت؟
PSL_DATA_USAGE_RESPONSES:PSL_VIDEOS:DATA_USAGE_USER_CONTROL,PSL_DATA_USAGE_USER_CONTROL_OPTIONAL,,SINGLE_CHOICE,استخدام البيانات ومعالجتها (الفيديوهات) / هل هذه البيانات مطلوبة لاستخدام تطبيقك، أو هل يمكن للمستخدمِين اختيار عدم جمعها؟ / يمكن للمستخدمِين اختيار جمع هذه البيانات أو عدم جمعها
PSL_DATA_USAGE_RESPONSES:PSL_VIDEOS:DATA_USAGE_USER_CONTROL,PSL_DATA_USAGE_USER_CONTROL_REQUIRED,,SINGLE_CHOICE,استخدام البيانات ومعالجتها (الفيديوهات) / هل هذه البيانات مطلوبة لاستخدام تطبيقك، أو هل يمكن للمستخدمِين اختيار عدم جمعها؟ / جمع البيانات مطلوب (لا يمكن للمستخدمِين إيقاف عملية جمع البيانات)
PSL_DATA_USAGE_RESPONSES:PSL_VIDEOS:DATA_USAGE_COLLECTION_PURPOSE,PSL_APP_FUNCTIONALITY,,MULTIPLE_CHOICE,استخدام البيانات ومعالجتها (الفيديوهات) / لماذا يتم جمع بيانات المستخدمين هذه؟ اختَر جميع الإجابات المناسبة. / وظائف التطبيق
PSL_DATA_USAGE_RESPONSES:PSL_VIDEOS:DATA_USAGE_COLLECTION_PURPOSE,PSL_ANALYTICS,,MULTIPLE_CHOICE,استخدام البيانات ومعالجتها (الفيديوهات) / لماذا يتم جمع بيانات المستخدمين هذه؟ اختَر جميع الإجابات المناسبة. / إحصاءات
PSL_DATA_USAGE_RESPONSES:PSL_VIDEOS:DATA_USAGE_COLLECTION_PURPOSE,PSL_DEVELOPER_COMMUNICATIONS,,MULTIPLE_CHOICE,استخدام البيانات ومعالجتها (الفيديوهات) / لماذا يتم جمع بيانات المستخدمين هذه؟ اختَر جميع الإجابات المناسبة. / مراسلات المطوّر
PSL_DATA_USAGE_RESPONSES:PSL_VIDEOS:DATA_USAGE_COLLECTION_PURPOSE,PSL_FRAUD_PREVENTION_SECURITY,,MULTIPLE_CHOICE,استخدام البيانات ومعالجتها (الفيديوهات) / لماذا يتم جمع بيانات المستخدمين هذه؟ اختَر جميع الإجابات المناسبة. / منع الاحتيال والأمان والامتثال
PSL_DATA_USAGE_RESPONSES:PSL_VIDEOS:DATA_USAGE_COLLECTION_PURPOSE,PSL_ADVERTISING,,MULTIPLE_CHOICE,استخدام البيانات ومعالجتها (الفيديوهات) / لماذا يتم جمع بيانات المستخدمين هذه؟ اختَر جميع الإجابات المناسبة. / الإعلان أو التسويق
PSL_DATA_USAGE_RESPONSES:PSL_VIDEOS:DATA_USAGE_COLLECTION_PURPOSE,PSL_PERSONALIZATION,,MULTIPLE_CHOICE,استخدام البيانات ومعالجتها (الفيديوهات) / لماذا يتم جمع بيانات المستخدمين هذه؟ اختَر جميع الإجابات المناسبة. / تخصيص
PSL_DATA_USAGE_RESPONSES:PSL_VIDEOS:DATA_USAGE_COLLECTION_PURPOSE,PSL_ACCOUNT_MANAGEMENT,,MULTIPLE_CHOICE,استخدام البيانات ومعالجتها (الفيديوهات) / لماذا يتم جمع بيانات المستخدمين هذه؟ اختَر جميع الإجابات المناسبة. / إدارة الحساب
PSL_DATA_USAGE_RESPONSES:PSL_VIDEOS:DATA_USAGE_SHARING_PURPOSE,PSL_APP_FUNCTIONALITY,,MULTIPLE_CHOICE,استخدام البيانات ومعالجتها (الفيديوهات) / لماذا تتم مشاركة بيانات المستخدمين هذه؟ اختَر جميع الإجابات المناسبة. / وظائف التطبيق
PSL_DATA_USAGE_RESPONSES:PSL_VIDEOS:DATA_USAGE_SHARING_PURPOSE,PSL_ANALYTICS,,MULTIPLE_CHOICE,استخدام البيانات ومعالجتها (الفيديوهات) / لماذا تتم مشاركة بيانات المستخدمين هذه؟ اختَر جميع الإجابات المناسبة. / إحصاءات
PSL_DATA_USAGE_RESPONSES:PSL_VIDEOS:DATA_USAGE_SHARING_PURPOSE,PSL_DEVELOPER_COMMUNICATIONS,,MULTIPLE_CHOICE,استخدام البيانات ومعالجتها (الفيديوهات) / لماذا تتم مشاركة بيانات المستخدمين هذه؟ اختَر جميع الإجابات المناسبة. / مراسلات المطوّر
PSL_DATA_USAGE_RESPONSES:PSL_VIDEOS:DATA_USAGE_SHARING_PURPOSE,PSL_FRAUD_PREVENTION_SECURITY,,MULTIPLE_CHOICE,استخدام البيانات ومعالجتها (الفيديوهات) / لماذا تتم مشاركة بيانات المستخدمين هذه؟ اختَر جميع الإجابات المناسبة. / منع الاحتيال والأمان والامتثال
PSL_DATA_USAGE_RESPONSES:PSL_VIDEOS:DATA_USAGE_SHARING_PURPOSE,PSL_ADVERTISING,,MULTIPLE_CHOICE,استخدام البيانات ومعالجتها (الفيديوهات) / لماذا تتم مشاركة بيانات المستخدمين هذه؟ اختَر جميع الإجابات المناسبة. / الإعلان أو التسويق
PSL_DATA_USAGE_RESPONSES:PSL_VIDEOS:DATA_USAGE_SHARING_PURPOSE,PSL_PERSONALIZATION,,MULTIPLE_CHOICE,استخدام البيانات ومعالجتها (الفيديوهات) / لماذا تتم مشاركة بيانات المستخدمين هذه؟ اختَر جميع الإجابات المناسبة. / تخصيص
PSL_DATA_USAGE_RESPONSES:PSL_VIDEOS:DATA_USAGE_SHARING_PURPOSE,PSL_ACCOUNT_MANAGEMENT,,MULTIPLE_CHOICE,استخدام البيانات ومعالجتها (الفيديوهات) / لماذا تتم مشاركة بيانات المستخدمين هذه؟ اختَر جميع الإجابات المناسبة. / إدارة الحساب
PSL_DATA_USAGE_RESPONSES:PSL_AUDIO:PSL_DATA_USAGE_COLLECTION_AND_SHARING,PSL_DATA_USAGE_ONLY_COLLECTED,,MULTIPLE_CHOICE,استخدام البيانات ومعالجتها (التسجيلات الصوتية) / هل يتم جمع هذه البيانات أو مشاركتها أو كلاهما؟ / بيانات يتم جمعها
PSL_DATA_USAGE_RESPONSES:PSL_AUDIO:PSL_DATA_USAGE_COLLECTION_AND_SHARING,PSL_DATA_USAGE_ONLY_SHARED,,MULTIPLE_CHOICE,استخدام البيانات ومعالجتها (التسجيلات الصوتية) / هل يتم جمع هذه البيانات أو مشاركتها أو كلاهما؟ / بيانات تتم مشاركتها
PSL_DATA_USAGE_RESPONSES:PSL_AUDIO:PSL_DATA_USAGE_EPHEMERAL,,,MAYBE_REQUIRED,استخدام البيانات ومعالجتها (التسجيلات الصوتية) / هل تتم معالجة هذه البيانات بشكل مؤقت؟
PSL_DATA_USAGE_RESPONSES:PSL_AUDIO:DATA_USAGE_USER_CONTROL,PSL_DATA_USAGE_USER_CONTROL_OPTIONAL,,SINGLE_CHOICE,استخدام البيانات ومعالجتها (التسجيلات الصوتية) / هل هذه البيانات مطلوبة لاستخدام تطبيقك، أو هل يمكن للمستخدمِين اختيار عدم جمعها؟ / يمكن للمستخدمِين اختيار جمع هذه البيانات أو عدم جمعها
PSL_DATA_USAGE_RESPONSES:PSL_AUDIO:DATA_USAGE_USER_CONTROL,PSL_DATA_USAGE_USER_CONTROL_REQUIRED,,SINGLE_CHOICE,استخدام البيانات ومعالجتها (التسجيلات الصوتية) / هل هذه البيانات مطلوبة لاستخدام تطبيقك، أو هل يمكن للمستخدمِين اختيار عدم جمعها؟ / جمع البيانات مطلوب (لا يمكن للمستخدمِين إيقاف عملية جمع البيانات)
PSL_DATA_USAGE_RESPONSES:PSL_AUDIO:DATA_USAGE_COLLECTION_PURPOSE,PSL_APP_FUNCTIONALITY,,MULTIPLE_CHOICE,استخدام البيانات ومعالجتها (التسجيلات الصوتية) / لماذا يتم جمع بيانات المستخدمين هذه؟ اختَر جميع الإجابات المناسبة. / وظائف التطبيق
PSL_DATA_USAGE_RESPONSES:PSL_AUDIO:DATA_USAGE_COLLECTION_PURPOSE,PSL_ANALYTICS,,MULTIPLE_CHOICE,استخدام البيانات ومعالجتها (التسجيلات الصوتية) / لماذا يتم جمع بيانات المستخدمين هذه؟ اختَر جميع الإجابات المناسبة. / إحصاءات
PSL_DATA_USAGE_RESPONSES:PSL_AUDIO:DATA_USAGE_COLLECTION_PURPOSE,PSL_DEVELOPER_COMMUNICATIONS,,MULTIPLE_CHOICE,استخدام البيانات ومعالجتها (التسجيلات الصوتية) / لماذا يتم جمع بيانات المستخدمين هذه؟ اختَر جميع الإجابات المناسبة. / مراسلات المطوّر
PSL_DATA_USAGE_RESPONSES:PSL_AUDIO:DATA_USAGE_COLLECTION_PURPOSE,PSL_FRAUD_PREVENTION_SECURITY,,MULTIPLE_CHOICE,استخدام البيانات ومعالجتها (التسجيلات الصوتية) / لماذا يتم جمع بيانات المستخدمين هذه؟ اختَر جميع الإجابات المناسبة. / منع الاحتيال والأمان والامتثال
PSL_DATA_USAGE_RESPONSES:PSL_AUDIO:DATA_USAGE_COLLECTION_PURPOSE,PSL_ADVERTISING,,MULTIPLE_CHOICE,استخدام البيانات ومعالجتها (التسجيلات الصوتية) / لماذا يتم جمع بيانات المستخدمين هذه؟ اختَر جميع الإجابات المناسبة. / الإعلان أو التسويق
PSL_DATA_USAGE_RESPONSES:PSL_AUDIO:DATA_USAGE_COLLECTION_PURPOSE,PSL_PERSONALIZATION,,MULTIPLE_CHOICE,استخدام البيانات ومعالجتها (التسجيلات الصوتية) / لماذا يتم جمع بيانات المستخدمين هذه؟ اختَر جميع الإجابات المناسبة. / تخصيص
PSL_DATA_USAGE_RESPONSES:PSL_AUDIO:DATA_USAGE_COLLECTION_PURPOSE,PSL_ACCOUNT_MANAGEMENT,,MULTIPLE_CHOICE,استخدام البيانات ومعالجتها (التسجيلات الصوتية) / لماذا يتم جمع بيانات المستخدمين هذه؟ اختَر جميع الإجابات المناسبة. / إدارة الحساب
PSL_DATA_USAGE_RESPONSES:PSL_AUDIO:DATA_USAGE_SHARING_PURPOSE,PSL_APP_FUNCTIONALITY,,MULTIPLE_CHOICE,استخدام البيانات ومعالجتها (التسجيلات الصوتية) / لماذا تتم مشاركة بيانات المستخدمين هذه؟ اختَر جميع الإجابات المناسبة. / وظائف التطبيق
PSL_DATA_USAGE_RESPONSES:PSL_AUDIO:DATA_USAGE_SHARING_PURPOSE,PSL_ANALYTICS,,MULTIPLE_CHOICE,استخدام البيانات ومعالجتها (التسجيلات الصوتية) / لماذا تتم مشاركة بيانات المستخدمين هذه؟ اختَر جميع الإجابات المناسبة. / إحصاءات
PSL_DATA_USAGE_RESPONSES:PSL_AUDIO:DATA_USAGE_SHARING_PURPOSE,PSL_DEVELOPER_COMMUNICATIONS,,MULTIPLE_CHOICE,استخدام البيانات ومعالجتها (التسجيلات الصوتية) / لماذا تتم مشاركة بيانات المستخدمين هذه؟ اختَر جميع الإجابات المناسبة. / مراسلات المطوّر
PSL_DATA_USAGE_RESPONSES:PSL_AUDIO:DATA_USAGE_SHARING_PURPOSE,PSL_FRAUD_PREVENTION_SECURITY,,MULTIPLE_CHOICE,استخدام البيانات ومعالجتها (التسجيلات الصوتية) / لماذا تتم مشاركة بيانات المستخدمين هذه؟ اختَر جميع الإجابات المناسبة. / منع الاحتيال والأمان والامتثال
PSL_DATA_USAGE_RESPONSES:PSL_AUDIO:DATA_USAGE_SHARING_PURPOSE,PSL_ADVERTISING,,MULTIPLE_CHOICE,استخدام البيانات ومعالجتها (التسجيلات الصوتية) / لماذا تتم مشاركة بيانات المستخدمين هذه؟ اختَر جميع الإجابات المناسبة. / الإعلان أو التسويق
PSL_DATA_USAGE_RESPONSES:PSL_AUDIO:DATA_USAGE_SHARING_PURPOSE,PSL_PERSONALIZATION,,MULTIPLE_CHOICE,استخدام البيانات ومعالجتها (التسجيلات الصوتية) / لماذا تتم مشاركة بيانات المستخدمين هذه؟ اختَر جميع الإجابات المناسبة. / تخصيص
PSL_DATA_USAGE_RESPONSES:PSL_AUDIO:DATA_USAGE_SHARING_PURPOSE,PSL_ACCOUNT_MANAGEMENT,,MULTIPLE_CHOICE,استخدام البيانات ومعالجتها (التسجيلات الصوتية) / لماذا تتم مشاركة بيانات المستخدمين هذه؟ اختَر جميع الإجابات المناسبة. / إدارة الحساب
PSL_DATA_USAGE_RESPONSES:PSL_MUSIC:PSL_DATA_USAGE_COLLECTION_AND_SHARING,PSL_DATA_USAGE_ONLY_COLLECTED,,MULTIPLE_CHOICE,استخدام البيانات ومعالجتها (ملفات الموسيقى) / هل يتم جمع هذه البيانات أو مشاركتها أو كلاهما؟ / بيانات يتم جمعها
PSL_DATA_USAGE_RESPONSES:PSL_MUSIC:PSL_DATA_USAGE_COLLECTION_AND_SHARING,PSL_DATA_USAGE_ONLY_SHARED,,MULTIPLE_CHOICE,استخدام البيانات ومعالجتها (ملفات الموسيقى) / هل يتم جمع هذه البيانات أو مشاركتها أو كلاهما؟ / بيانات تتم مشاركتها
PSL_DATA_USAGE_RESPONSES:PSL_MUSIC:PSL_DATA_USAGE_EPHEMERAL,,,MAYBE_REQUIRED,استخدام البيانات ومعالجتها (ملفات الموسيقى) / هل تتم معالجة هذه البيانات بشكل مؤقت؟
PSL_DATA_USAGE_RESPONSES:PSL_MUSIC:DATA_USAGE_USER_CONTROL,PSL_DATA_USAGE_USER_CONTROL_OPTIONAL,,SINGLE_CHOICE,استخدام البيانات ومعالجتها (ملفات الموسيقى) / هل هذه البيانات مطلوبة لاستخدام تطبيقك، أو هل يمكن للمستخدمِين اختيار عدم جمعها؟ / يمكن للمستخدمِين اختيار جمع هذه البيانات أو عدم جمعها
PSL_DATA_USAGE_RESPONSES:PSL_MUSIC:DATA_USAGE_USER_CONTROL,PSL_DATA_USAGE_USER_CONTROL_REQUIRED,,SINGLE_CHOICE,استخدام البيانات ومعالجتها (ملفات الموسيقى) / هل هذه البيانات مطلوبة لاستخدام تطبيقك، أو هل يمكن للمستخدمِين اختيار عدم جمعها؟ / جمع البيانات مطلوب (لا يمكن للمستخدمِين إيقاف عملية جمع البيانات)
PSL_DATA_USAGE_RESPONSES:PSL_MUSIC:DATA_USAGE_COLLECTION_PURPOSE,PSL_APP_FUNCTIONALITY,,MULTIPLE_CHOICE,استخدام البيانات ومعالجتها (ملفات الموسيقى) / لماذا يتم جمع بيانات المستخدمين هذه؟ اختَر جميع الإجابات المناسبة. / وظائف التطبيق
PSL_DATA_USAGE_RESPONSES:PSL_MUSIC:DATA_USAGE_COLLECTION_PURPOSE,PSL_ANALYTICS,,MULTIPLE_CHOICE,استخدام البيانات ومعالجتها (ملفات الموسيقى) / لماذا يتم جمع بيانات المستخدمين هذه؟ اختَر جميع الإجابات المناسبة. / إحصاءات
PSL_DATA_USAGE_RESPONSES:PSL_MUSIC:DATA_USAGE_COLLECTION_PURPOSE,PSL_DEVELOPER_COMMUNICATIONS,,MULTIPLE_CHOICE,استخدام البيانات ومعالجتها (ملفات الموسيقى) / لماذا يتم جمع بيانات المستخدمين هذه؟ اختَر جميع الإجابات المناسبة. / مراسلات المطوّر
PSL_DATA_USAGE_RESPONSES:PSL_MUSIC:DATA_USAGE_COLLECTION_PURPOSE,PSL_FRAUD_PREVENTION_SECURITY,,MULTIPLE_CHOICE,استخدام البيانات ومعالجتها (ملفات الموسيقى) / لماذا يتم جمع بيانات المستخدمين هذه؟ اختَر جميع الإجابات المناسبة. / منع الاحتيال والأمان والامتثال
PSL_DATA_USAGE_RESPONSES:PSL_MUSIC:DATA_USAGE_COLLECTION_PURPOSE,PSL_ADVERTISING,,MULTIPLE_CHOICE,استخدام البيانات ومعالجتها (ملفات الموسيقى) / لماذا يتم جمع بيانات المستخدمين هذه؟ اختَر جميع الإجابات المناسبة. / الإعلان أو التسويق
PSL_DATA_USAGE_RESPONSES:PSL_MUSIC:DATA_USAGE_COLLECTION_PURPOSE,PSL_PERSONALIZATION,,MULTIPLE_CHOICE,استخدام البيانات ومعالجتها (ملفات الموسيقى) / لماذا يتم جمع بيانات المستخدمين هذه؟ اختَر جميع الإجابات المناسبة. / تخصيص
PSL_DATA_USAGE_RESPONSES:PSL_MUSIC:DATA_USAGE_COLLECTION_PURPOSE,PSL_ACCOUNT_MANAGEMENT,,MULTIPLE_CHOICE,استخدام البيانات ومعالجتها (ملفات الموسيقى) / لماذا يتم جمع بيانات المستخدمين هذه؟ اختَر جميع الإجابات المناسبة. / إدارة الحساب
PSL_DATA_USAGE_RESPONSES:PSL_MUSIC:DATA_USAGE_SHARING_PURPOSE,PSL_APP_FUNCTIONALITY,,MULTIPLE_CHOICE,استخدام البيانات ومعالجتها (ملفات الموسيقى) / لماذا تتم مشاركة بيانات المستخدمين هذه؟ اختَر جميع الإجابات المناسبة. / وظائف التطبيق
PSL_DATA_USAGE_RESPONSES:PSL_MUSIC:DATA_USAGE_SHARING_PURPOSE,PSL_ANALYTICS,,MULTIPLE_CHOICE,استخدام البيانات ومعالجتها (ملفات الموسيقى) / لماذا تتم مشاركة بيانات المستخدمين هذه؟ اختَر جميع الإجابات المناسبة. / إحصاءات
PSL_DATA_USAGE_RESPONSES:PSL_MUSIC:DATA_USAGE_SHARING_PURPOSE,PSL_DEVELOPER_COMMUNICATIONS,,MULTIPLE_CHOICE,استخدام البيانات ومعالجتها (ملفات الموسيقى) / لماذا تتم مشاركة بيانات المستخدمين هذه؟ اختَر جميع الإجابات المناسبة. / مراسلات المطوّر
PSL_DATA_USAGE_RESPONSES:PSL_MUSIC:DATA_USAGE_SHARING_PURPOSE,PSL_FRAUD_PREVENTION_SECURITY,,MULTIPLE_CHOICE,استخدام البيانات ومعالجتها (ملفات الموسيقى) / لماذا تتم مشاركة بيانات المستخدمين هذه؟ اختَر جميع الإجابات المناسبة. / منع الاحتيال والأمان والامتثال
PSL_DATA_USAGE_RESPONSES:PSL_MUSIC:DATA_USAGE_SHARING_PURPOSE,PSL_ADVERTISING,,MULTIPLE_CHOICE,استخدام البيانات ومعالجتها (ملفات الموسيقى) / لماذا تتم مشاركة بيانات المستخدمين هذه؟ اختَر جميع الإجابات المناسبة. / الإعلان أو التسويق
PSL_DATA_USAGE_RESPONSES:PSL_MUSIC:DATA_USAGE_SHARING_PURPOSE,PSL_PERSONALIZATION,,MULTIPLE_CHOICE,استخدام البيانات ومعالجتها (ملفات الموسيقى) / لماذا تتم مشاركة بيانات المستخدمين هذه؟ اختَر جميع الإجابات المناسبة. / تخصيص
PSL_DATA_USAGE_RESPONSES:PSL_MUSIC:DATA_USAGE_SHARING_PURPOSE,PSL_ACCOUNT_MANAGEMENT,,MULTIPLE_CHOICE,استخدام البيانات ومعالجتها (ملفات الموسيقى) / لماذا تتم مشاركة بيانات المستخدمين هذه؟ اختَر جميع الإجابات المناسبة. / إدارة الحساب
PSL_DATA_USAGE_RESPONSES:PSL_OTHER_AUDIO:PSL_DATA_USAGE_COLLECTION_AND_SHARING,PSL_DATA_USAGE_ONLY_COLLECTED,,MULTIPLE_CHOICE,استخدام البيانات ومعالجتها (الملفات الصوتية الأخرى) / هل يتم جمع هذه البيانات أو مشاركتها أو كلاهما؟ / بيانات يتم جمعها
PSL_DATA_USAGE_RESPONSES:PSL_OTHER_AUDIO:PSL_DATA_USAGE_COLLECTION_AND_SHARING,PSL_DATA_USAGE_ONLY_SHARED,,MULTIPLE_CHOICE,استخدام البيانات ومعالجتها (الملفات الصوتية الأخرى) / هل يتم جمع هذه البيانات أو مشاركتها أو كلاهما؟ / بيانات تتم مشاركتها
PSL_DATA_USAGE_RESPONSES:PSL_OTHER_AUDIO:PSL_DATA_USAGE_EPHEMERAL,,,MAYBE_REQUIRED,استخدام البيانات ومعالجتها (الملفات الصوتية الأخرى) / هل تتم معالجة هذه البيانات بشكل مؤقت؟
PSL_DATA_USAGE_RESPONSES:PSL_OTHER_AUDIO:DATA_USAGE_USER_CONTROL,PSL_DATA_USAGE_USER_CONTROL_OPTIONAL,,SINGLE_CHOICE,استخدام البيانات ومعالجتها (الملفات الصوتية الأخرى) / هل هذه البيانات مطلوبة لاستخدام تطبيقك، أو هل يمكن للمستخدمِين اختيار عدم جمعها؟ / يمكن للمستخدمِين اختيار جمع هذه البيانات أو عدم جمعها
PSL_DATA_USAGE_RESPONSES:PSL_OTHER_AUDIO:DATA_USAGE_USER_CONTROL,PSL_DATA_USAGE_USER_CONTROL_REQUIRED,,SINGLE_CHOICE,استخدام البيانات ومعالجتها (الملفات الصوتية الأخرى) / هل هذه البيانات مطلوبة لاستخدام تطبيقك، أو هل يمكن للمستخدمِين اختيار عدم جمعها؟ / جمع البيانات مطلوب (لا يمكن للمستخدمِين إيقاف عملية جمع البيانات)
PSL_DATA_USAGE_RESPONSES:PSL_OTHER_AUDIO:DATA_USAGE_COLLECTION_PURPOSE,PSL_APP_FUNCTIONALITY,,MULTIPLE_CHOICE,استخدام البيانات ومعالجتها (الملفات الصوتية الأخرى) / لماذا يتم جمع بيانات المستخدمين هذه؟ اختَر جميع الإجابات المناسبة. / وظائف التطبيق
PSL_DATA_USAGE_RESPONSES:PSL_OTHER_AUDIO:DATA_USAGE_COLLECTION_PURPOSE,PSL_ANALYTICS,,MULTIPLE_CHOICE,استخدام البيانات ومعالجتها (الملفات الصوتية الأخرى) / لماذا يتم جمع بيانات المستخدمين هذه؟ اختَر جميع الإجابات المناسبة. / إحصاءات
PSL_DATA_USAGE_RESPONSES:PSL_OTHER_AUDIO:DATA_USAGE_COLLECTION_PURPOSE,PSL_DEVELOPER_COMMUNICATIONS,,MULTIPLE_CHOICE,استخدام البيانات ومعالجتها (الملفات الصوتية الأخرى) / لماذا يتم جمع بيانات المستخدمين هذه؟ اختَر جميع الإجابات المناسبة. / مراسلات المطوّر
PSL_DATA_USAGE_RESPONSES:PSL_OTHER_AUDIO:DATA_USAGE_COLLECTION_PURPOSE,PSL_FRAUD_PREVENTION_SECURITY,,MULTIPLE_CHOICE,استخدام البيانات ومعالجتها (الملفات الصوتية الأخرى) / لماذا يتم جمع بيانات المستخدمين هذه؟ اختَر جميع الإجابات المناسبة. / منع الاحتيال والأمان والامتثال
PSL_DATA_USAGE_RESPONSES:PSL_OTHER_AUDIO:DATA_USAGE_COLLECTION_PURPOSE,PSL_ADVERTISING,,MULTIPLE_CHOICE,استخدام البيانات ومعالجتها (الملفات الصوتية الأخرى) / لماذا يتم جمع بيانات المستخدمين هذه؟ اختَر جميع الإجابات المناسبة. / الإعلان أو التسويق
PSL_DATA_USAGE_RESPONSES:PSL_OTHER_AUDIO:DATA_USAGE_COLLECTION_PURPOSE,PSL_PERSONALIZATION,,MULTIPLE_CHOICE,استخدام البيانات ومعالجتها (الملفات الصوتية الأخرى) / لماذا يتم جمع بيانات المستخدمين هذه؟ اختَر جميع الإجابات المناسبة. / تخصيص
PSL_DATA_USAGE_RESPONSES:PSL_OTHER_AUDIO:DATA_USAGE_COLLECTION_PURPOSE,PSL_ACCOUNT_MANAGEMENT,,MULTIPLE_CHOICE,استخدام البيانات ومعالجتها (الملفات الصوتية الأخرى) / لماذا يتم جمع بيانات المستخدمين هذه؟ اختَر جميع الإجابات المناسبة. / إدارة الحساب
PSL_DATA_USAGE_RESPONSES:PSL_OTHER_AUDIO:DATA_USAGE_SHARING_PURPOSE,PSL_APP_FUNCTIONALITY,,MULTIPLE_CHOICE,استخدام البيانات ومعالجتها (الملفات الصوتية الأخرى) / لماذا تتم مشاركة بيانات المستخدمين هذه؟ اختَر جميع الإجابات المناسبة. / وظائف التطبيق
PSL_DATA_USAGE_RESPONSES:PSL_OTHER_AUDIO:DATA_USAGE_SHARING_PURPOSE,PSL_ANALYTICS,,MULTIPLE_CHOICE,استخدام البيانات ومعالجتها (الملفات الصوتية الأخرى) / لماذا تتم مشاركة بيانات المستخدمين هذه؟ اختَر جميع الإجابات المناسبة. / إحصاءات
PSL_DATA_USAGE_RESPONSES:PSL_OTHER_AUDIO:DATA_USAGE_SHARING_PURPOSE,PSL_DEVELOPER_COMMUNICATIONS,,MULTIPLE_CHOICE,استخدام البيانات ومعالجتها (الملفات الصوتية الأخرى) / لماذا تتم مشاركة بيانات المستخدمين هذه؟ اختَر جميع الإجابات المناسبة. / مراسلات المطوّر
PSL_DATA_USAGE_RESPONSES:PSL_OTHER_AUDIO:DATA_USAGE_SHARING_PURPOSE,PSL_FRAUD_PREVENTION_SECURITY,,MULTIPLE_CHOICE,استخدام البيانات ومعالجتها (الملفات الصوتية الأخرى) / لماذا تتم مشاركة بيانات المستخدمين هذه؟ اختَر جميع الإجابات المناسبة. / منع الاحتيال والأمان والامتثال
PSL_DATA_USAGE_RESPONSES:PSL_OTHER_AUDIO:DATA_USAGE_SHARING_PURPOSE,PSL_ADVERTISING,,MULTIPLE_CHOICE,استخدام البيانات ومعالجتها (الملفات الصوتية الأخرى) / لماذا تتم مشاركة بيانات المستخدمين هذه؟ اختَر جميع الإجابات المناسبة. / الإعلان أو التسويق
PSL_DATA_USAGE_RESPONSES:PSL_OTHER_AUDIO:DATA_USAGE_SHARING_PURPOSE,PSL_PERSONALIZATION,,MULTIPLE_CHOICE,استخدام البيانات ومعالجتها (الملفات الصوتية الأخرى) / لماذا تتم مشاركة بيانات المستخدمين هذه؟ اختَر جميع الإجابات المناسبة. / تخصيص
PSL_DATA_USAGE_RESPONSES:PSL_OTHER_AUDIO:DATA_USAGE_SHARING_PURPOSE,PSL_ACCOUNT_MANAGEMENT,,MULTIPLE_CHOICE,استخدام البيانات ومعالجتها (الملفات الصوتية الأخرى) / لماذا تتم مشاركة بيانات المستخدمين هذه؟ اختَر جميع الإجابات المناسبة. / إدارة الحساب
PSL_DATA_USAGE_RESPONSES:PSL_HEALTH:PSL_DATA_USAGE_COLLECTION_AND_SHARING,PSL_DATA_USAGE_ONLY_COLLECTED,,MULTIPLE_CHOICE,استخدام البيانات ومعالجتها (معلومات عن الصحة) / هل يتم جمع هذه البيانات أو مشاركتها أو كلاهما؟ / بيانات يتم جمعها
PSL_DATA_USAGE_RESPONSES:PSL_HEALTH:PSL_DATA_USAGE_COLLECTION_AND_SHARING,PSL_DATA_USAGE_ONLY_SHARED,,MULTIPLE_CHOICE,استخدام البيانات ومعالجتها (معلومات عن الصحة) / هل يتم جمع هذه البيانات أو مشاركتها أو كلاهما؟ / بيانات تتم مشاركتها
PSL_DATA_USAGE_RESPONSES:PSL_HEALTH:PSL_DATA_USAGE_EPHEMERAL,,,MAYBE_REQUIRED,استخدام البيانات ومعالجتها (معلومات عن الصحة) / هل تتم معالجة هذه البيانات بشكل مؤقت؟
PSL_DATA_USAGE_RESPONSES:PSL_HEALTH:DATA_USAGE_USER_CONTROL,PSL_DATA_USAGE_USER_CONTROL_OPTIONAL,,SINGLE_CHOICE,استخدام البيانات ومعالجتها (معلومات عن الصحة) / هل هذه البيانات مطلوبة لاستخدام تطبيقك، أو هل يمكن للمستخدمِين اختيار عدم جمعها؟ / يمكن للمستخدمِين اختيار جمع هذه البيانات أو عدم جمعها
PSL_DATA_USAGE_RESPONSES:PSL_HEALTH:DATA_USAGE_USER_CONTROL,PSL_DATA_USAGE_USER_CONTROL_REQUIRED,,SINGLE_CHOICE,استخدام البيانات ومعالجتها (معلومات عن الصحة) / هل هذه البيانات مطلوبة لاستخدام تطبيقك، أو هل يمكن للمستخدمِين اختيار عدم جمعها؟ / جمع البيانات مطلوب (لا يمكن للمستخدمِين إيقاف عملية جمع البيانات)
PSL_DATA_USAGE_RESPONSES:PSL_HEALTH:DATA_USAGE_COLLECTION_PURPOSE,PSL_APP_FUNCTIONALITY,,MULTIPLE_CHOICE,استخدام البيانات ومعالجتها (معلومات عن الصحة) / لماذا يتم جمع بيانات المستخدمين هذه؟ اختَر جميع الإجابات المناسبة. / وظائف التطبيق
PSL_DATA_USAGE_RESPONSES:PSL_HEALTH:DATA_USAGE_COLLECTION_PURPOSE,PSL_ANALYTICS,,MULTIPLE_CHOICE,استخدام البيانات ومعالجتها (معلومات عن الصحة) / لماذا يتم جمع بيانات المستخدمين هذه؟ اختَر جميع الإجابات المناسبة. / إحصاءات
PSL_DATA_USAGE_RESPONSES:PSL_HEALTH:DATA_USAGE_COLLECTION_PURPOSE,PSL_DEVELOPER_COMMUNICATIONS,,MULTIPLE_CHOICE,استخدام البيانات ومعالجتها (معلومات عن الصحة) / لماذا يتم جمع بيانات المستخدمين هذه؟ اختَر جميع الإجابات المناسبة. / مراسلات المطوّر
PSL_DATA_USAGE_RESPONSES:PSL_HEALTH:DATA_USAGE_COLLECTION_PURPOSE,PSL_FRAUD_PREVENTION_SECURITY,,MULTIPLE_CHOICE,استخدام البيانات ومعالجتها (معلومات عن الصحة) / لماذا يتم جمع بيانات المستخدمين هذه؟ اختَر جميع الإجابات المناسبة. / منع الاحتيال والأمان والامتثال
PSL_DATA_USAGE_RESPONSES:PSL_HEALTH:DATA_USAGE_COLLECTION_PURPOSE,PSL_ADVERTISING,,MULTIPLE_CHOICE,استخدام البيانات ومعالجتها (معلومات عن الصحة) / لماذا يتم جمع بيانات المستخدمين هذه؟ اختَر جميع الإجابات المناسبة. / الإعلان أو التسويق
PSL_DATA_USAGE_RESPONSES:PSL_HEALTH:DATA_USAGE_COLLECTION_PURPOSE,PSL_PERSONALIZATION,,MULTIPLE_CHOICE,استخدام البيانات ومعالجتها (معلومات عن الصحة) / لماذا يتم جمع بيانات المستخدمين هذه؟ اختَر جميع الإجابات المناسبة. / تخصيص
PSL_DATA_USAGE_RESPONSES:PSL_HEALTH:DATA_USAGE_COLLECTION_PURPOSE,PSL_ACCOUNT_MANAGEMENT,,MULTIPLE_CHOICE,استخدام البيانات ومعالجتها (معلومات عن الصحة) / لماذا يتم جمع بيانات المستخدمين هذه؟ اختَر جميع الإجابات المناسبة. / إدارة الحساب
PSL_DATA_USAGE_RESPONSES:PSL_HEALTH:DATA_USAGE_SHARING_PURPOSE,PSL_APP_FUNCTIONALITY,,MULTIPLE_CHOICE,استخدام البيانات ومعالجتها (معلومات عن الصحة) / لماذا تتم مشاركة بيانات المستخدمين هذه؟ اختَر جميع الإجابات المناسبة. / وظائف التطبيق
PSL_DATA_USAGE_RESPONSES:PSL_HEALTH:DATA_USAGE_SHARING_PURPOSE,PSL_ANALYTICS,,MULTIPLE_CHOICE,استخدام البيانات ومعالجتها (معلومات عن الصحة) / لماذا تتم مشاركة بيانات المستخدمين هذه؟ اختَر جميع الإجابات المناسبة. / إحصاءات
PSL_DATA_USAGE_RESPONSES:PSL_HEALTH:DATA_USAGE_SHARING_PURPOSE,PSL_DEVELOPER_COMMUNICATIONS,,MULTIPLE_CHOICE,استخدام البيانات ومعالجتها (معلومات عن الصحة) / لماذا تتم مشاركة بيانات المستخدمين هذه؟ اختَر جميع الإجابات المناسبة. / مراسلات المطوّر
PSL_DATA_USAGE_RESPONSES:PSL_HEALTH:DATA_USAGE_SHARING_PURPOSE,PSL_FRAUD_PREVENTION_SECURITY,,MULTIPLE_CHOICE,استخدام البيانات ومعالجتها (معلومات عن الصحة) / لماذا تتم مشاركة بيانات المستخدمين هذه؟ اختَر جميع الإجابات المناسبة. / منع الاحتيال والأمان والامتثال
PSL_DATA_USAGE_RESPONSES:PSL_HEALTH:DATA_USAGE_SHARING_PURPOSE,PSL_ADVERTISING,,MULTIPLE_CHOICE,استخدام البيانات ومعالجتها (معلومات عن الصحة) / لماذا تتم مشاركة بيانات المستخدمين هذه؟ اختَر جميع الإجابات المناسبة. / الإعلان أو التسويق
PSL_DATA_USAGE_RESPONSES:PSL_HEALTH:DATA_USAGE_SHARING_PURPOSE,PSL_PERSONALIZATION,,MULTIPLE_CHOICE,استخدام البيانات ومعالجتها (معلومات عن الصحة) / لماذا تتم مشاركة بيانات المستخدمين هذه؟ اختَر جميع الإجابات المناسبة. / تخصيص
PSL_DATA_USAGE_RESPONSES:PSL_HEALTH:DATA_USAGE_SHARING_PURPOSE,PSL_ACCOUNT_MANAGEMENT,,MULTIPLE_CHOICE,استخدام البيانات ومعالجتها (معلومات عن الصحة) / لماذا تتم مشاركة بيانات المستخدمين هذه؟ اختَر جميع الإجابات المناسبة. / إدارة الحساب
PSL_DATA_USAGE_RESPONSES:PSL_FITNESS:PSL_DATA_USAGE_COLLECTION_AND_SHARING,PSL_DATA_USAGE_ONLY_COLLECTED,,MULTIPLE_CHOICE,استخدام البيانات ومعالجتها (معلومات عن اللياقة البدنية) / هل يتم جمع هذه البيانات أو مشاركتها أو كلاهما؟ / بيانات يتم جمعها
PSL_DATA_USAGE_RESPONSES:PSL_FITNESS:PSL_DATA_USAGE_COLLECTION_AND_SHARING,PSL_DATA_USAGE_ONLY_SHARED,,MULTIPLE_CHOICE,استخدام البيانات ومعالجتها (معلومات عن اللياقة البدنية) / هل يتم جمع هذه البيانات أو مشاركتها أو كلاهما؟ / بيانات تتم مشاركتها
PSL_DATA_USAGE_RESPONSES:PSL_FITNESS:PSL_DATA_USAGE_EPHEMERAL,,,MAYBE_REQUIRED,استخدام البيانات ومعالجتها (معلومات عن اللياقة البدنية) / هل تتم معالجة هذه البيانات بشكل مؤقت؟
PSL_DATA_USAGE_RESPONSES:PSL_FITNESS:DATA_USAGE_USER_CONTROL,PSL_DATA_USAGE_USER_CONTROL_OPTIONAL,,SINGLE_CHOICE,استخدام البيانات ومعالجتها (معلومات عن اللياقة البدنية) / هل هذه البيانات مطلوبة لاستخدام تطبيقك، أو هل يمكن للمستخدمِين اختيار عدم جمعها؟ / يمكن للمستخدمِين اختيار جمع هذه البيانات أو عدم جمعها
PSL_DATA_USAGE_RESPONSES:PSL_FITNESS:DATA_USAGE_USER_CONTROL,PSL_DATA_USAGE_USER_CONTROL_REQUIRED,,SINGLE_CHOICE,استخدام البيانات ومعالجتها (معلومات عن اللياقة البدنية) / هل هذه البيانات مطلوبة لاستخدام تطبيقك، أو هل يمكن للمستخدمِين اختيار عدم جمعها؟ / جمع البيانات مطلوب (لا يمكن للمستخدمِين إيقاف عملية جمع البيانات)
PSL_DATA_USAGE_RESPONSES:PSL_FITNESS:DATA_USAGE_COLLECTION_PURPOSE,PSL_APP_FUNCTIONALITY,,MULTIPLE_CHOICE,استخدام البيانات ومعالجتها (معلومات عن اللياقة البدنية) / لماذا يتم جمع بيانات المستخدمين هذه؟ اختَر جميع الإجابات المناسبة. / وظائف التطبيق
PSL_DATA_USAGE_RESPONSES:PSL_FITNESS:DATA_USAGE_COLLECTION_PURPOSE,PSL_ANALYTICS,,MULTIPLE_CHOICE,استخدام البيانات ومعالجتها (معلومات عن اللياقة البدنية) / لماذا يتم جمع بيانات المستخدمين هذه؟ اختَر جميع الإجابات المناسبة. / إحصاءات
PSL_DATA_USAGE_RESPONSES:PSL_FITNESS:DATA_USAGE_COLLECTION_PURPOSE,PSL_DEVELOPER_COMMUNICATIONS,,MULTIPLE_CHOICE,استخدام البيانات ومعالجتها (معلومات عن اللياقة البدنية) / لماذا يتم جمع بيانات المستخدمين هذه؟ اختَر جميع الإجابات المناسبة. / مراسلات المطوّر
PSL_DATA_USAGE_RESPONSES:PSL_FITNESS:DATA_USAGE_COLLECTION_PURPOSE,PSL_FRAUD_PREVENTION_SECURITY,,MULTIPLE_CHOICE,استخدام البيانات ومعالجتها (معلومات عن اللياقة البدنية) / لماذا يتم جمع بيانات المستخدمين هذه؟ اختَر جميع الإجابات المناسبة. / منع الاحتيال والأمان والامتثال
PSL_DATA_USAGE_RESPONSES:PSL_FITNESS:DATA_USAGE_COLLECTION_PURPOSE,PSL_ADVERTISING,,MULTIPLE_CHOICE,استخدام البيانات ومعالجتها (معلومات عن اللياقة البدنية) / لماذا يتم جمع بيانات المستخدمين هذه؟ اختَر جميع الإجابات المناسبة. / الإعلان أو التسويق
PSL_DATA_USAGE_RESPONSES:PSL_FITNESS:DATA_USAGE_COLLECTION_PURPOSE,PSL_PERSONALIZATION,,MULTIPLE_CHOICE,استخدام البيانات ومعالجتها (معلومات عن اللياقة البدنية) / لماذا يتم جمع بيانات المستخدمين هذه؟ اختَر جميع الإجابات المناسبة. / تخصيص
PSL_DATA_USAGE_RESPONSES:PSL_FITNESS:DATA_USAGE_COLLECTION_PURPOSE,PSL_ACCOUNT_MANAGEMENT,,MULTIPLE_CHOICE,استخدام البيانات ومعالجتها (معلومات عن اللياقة البدنية) / لماذا يتم جمع بيانات المستخدمين هذه؟ اختَر جميع الإجابات المناسبة. / إدارة الحساب
PSL_DATA_USAGE_RESPONSES:PSL_FITNESS:DATA_USAGE_SHARING_PURPOSE,PSL_APP_FUNCTIONALITY,,MULTIPLE_CHOICE,استخدام البيانات ومعالجتها (معلومات عن اللياقة البدنية) / لماذا تتم مشاركة بيانات المستخدمين هذه؟ اختَر جميع الإجابات المناسبة. / وظائف التطبيق
PSL_DATA_USAGE_RESPONSES:PSL_FITNESS:DATA_USAGE_SHARING_PURPOSE,PSL_ANALYTICS,,MULTIPLE_CHOICE,استخدام البيانات ومعالجتها (معلومات عن اللياقة البدنية) / لماذا تتم مشاركة بيانات المستخدمين هذه؟ اختَر جميع الإجابات المناسبة. / إحصاءات
PSL_DATA_USAGE_RESPONSES:PSL_FITNESS:DATA_USAGE_SHARING_PURPOSE,PSL_DEVELOPER_COMMUNICATIONS,,MULTIPLE_CHOICE,استخدام البيانات ومعالجتها (معلومات عن اللياقة البدنية) / لماذا تتم مشاركة بيانات المستخدمين هذه؟ اختَر جميع الإجابات المناسبة. / مراسلات المطوّر
PSL_DATA_USAGE_RESPONSES:PSL_FITNESS:DATA_USAGE_SHARING_PURPOSE,PSL_FRAUD_PREVENTION_SECURITY,,MULTIPLE_CHOICE,استخدام البيانات ومعالجتها (معلومات عن اللياقة البدنية) / لماذا تتم مشاركة بيانات المستخدمين هذه؟ اختَر جميع الإجابات المناسبة. / منع الاحتيال والأمان والامتثال
PSL_DATA_USAGE_RESPONSES:PSL_FITNESS:DATA_USAGE_SHARING_PURPOSE,PSL_ADVERTISING,,MULTIPLE_CHOICE,استخدام البيانات ومعالجتها (معلومات عن اللياقة البدنية) / لماذا تتم مشاركة بيانات المستخدمين هذه؟ اختَر جميع الإجابات المناسبة. / الإعلان أو التسويق
PSL_DATA_USAGE_RESPONSES:PSL_FITNESS:DATA_USAGE_SHARING_PURPOSE,PSL_PERSONALIZATION,,MULTIPLE_CHOICE,استخدام البيانات ومعالجتها (معلومات عن اللياقة البدنية) / لماذا تتم مشاركة بيانات المستخدمين هذه؟ اختَر جميع الإجابات المناسبة. / تخصيص
PSL_DATA_USAGE_RESPONSES:PSL_FITNESS:DATA_USAGE_SHARING_PURPOSE,PSL_ACCOUNT_MANAGEMENT,,MULTIPLE_CHOICE,استخدام البيانات ومعالجتها (معلومات عن اللياقة البدنية) / لماذا تتم مشاركة بيانات المستخدمين هذه؟ اختَر جميع الإجابات المناسبة. / إدارة الحساب
PSL_DATA_USAGE_RESPONSES:PSL_CONTACTS:PSL_DATA_USAGE_COLLECTION_AND_SHARING,PSL_DATA_USAGE_ONLY_COLLECTED,true,MULTIPLE_CHOICE,استخدام البيانات ومعالجتها (جهات الاتصال) / هل يتم جمع هذه البيانات أو مشاركتها أو كلاهما؟ / بيانات يتم جمعها
PSL_DATA_USAGE_RESPONSES:PSL_CONTACTS:PSL_DATA_USAGE_COLLECTION_AND_SHARING,PSL_DATA_USAGE_ONLY_SHARED,,MULTIPLE_CHOICE,استخدام البيانات ومعالجتها (جهات الاتصال) / هل يتم جمع هذه البيانات أو مشاركتها أو كلاهما؟ / بيانات تتم مشاركتها
PSL_DATA_USAGE_RESPONSES:PSL_CONTACTS:PSL_DATA_USAGE_EPHEMERAL,,true,MAYBE_REQUIRED,استخدام البيانات ومعالجتها (جهات الاتصال) / هل تتم معالجة هذه البيانات بشكل مؤقت؟
PSL_DATA_USAGE_RESPONSES:PSL_CONTACTS:DATA_USAGE_USER_CONTROL,PSL_DATA_USAGE_USER_CONTROL_OPTIONAL,true,SINGLE_CHOICE,استخدام البيانات ومعالجتها (جهات الاتصال) / هل هذه البيانات مطلوبة لاستخدام تطبيقك، أو هل يمكن للمستخدمِين اختيار عدم جمعها؟ / يمكن للمستخدمِين اختيار جمع هذه البيانات أو عدم جمعها
PSL_DATA_USAGE_RESPONSES:PSL_CONTACTS:DATA_USAGE_USER_CONTROL,PSL_DATA_USAGE_USER_CONTROL_REQUIRED,,SINGLE_CHOICE,استخدام البيانات ومعالجتها (جهات الاتصال) / هل هذه البيانات مطلوبة لاستخدام تطبيقك، أو هل يمكن للمستخدمِين اختيار عدم جمعها؟ / جمع البيانات مطلوب (لا يمكن للمستخدمِين إيقاف عملية جمع البيانات)
PSL_DATA_USAGE_RESPONSES:PSL_CONTACTS:DATA_USAGE_COLLECTION_PURPOSE,PSL_APP_FUNCTIONALITY,true,MULTIPLE_CHOICE,استخدام البيانات ومعالجتها (جهات الاتصال) / لماذا يتم جمع بيانات المستخدمين هذه؟ اختَر جميع الإجابات المناسبة. / وظائف التطبيق
PSL_DATA_USAGE_RESPONSES:PSL_CONTACTS:DATA_USAGE_COLLECTION_PURPOSE,PSL_ANALYTICS,true,MULTIPLE_CHOICE,استخدام البيانات ومعالجتها (جهات الاتصال) / لماذا يتم جمع بيانات المستخدمين هذه؟ اختَر جميع الإجابات المناسبة. / إحصاءات
PSL_DATA_USAGE_RESPONSES:PSL_CONTACTS:DATA_USAGE_COLLECTION_PURPOSE,PSL_DEVELOPER_COMMUNICATIONS,true,MULTIPLE_CHOICE,استخدام البيانات ومعالجتها (جهات الاتصال) / لماذا يتم جمع بيانات المستخدمين هذه؟ اختَر جميع الإجابات المناسبة. / مراسلات المطوّر
PSL_DATA_USAGE_RESPONSES:PSL_CONTACTS:DATA_USAGE_COLLECTION_PURPOSE,PSL_FRAUD_PREVENTION_SECURITY,true,MULTIPLE_CHOICE,استخدام البيانات ومعالجتها (جهات الاتصال) / لماذا يتم جمع بيانات المستخدمين هذه؟ اختَر جميع الإجابات المناسبة. / منع الاحتيال والأمان والامتثال
PSL_DATA_USAGE_RESPONSES:PSL_CONTACTS:DATA_USAGE_COLLECTION_PURPOSE,PSL_ADVERTISING,,MULTIPLE_CHOICE,استخدام البيانات ومعالجتها (جهات الاتصال) / لماذا يتم جمع بيانات المستخدمين هذه؟ اختَر جميع الإجابات المناسبة. / الإعلان أو التسويق
PSL_DATA_USAGE_RESPONSES:PSL_CONTACTS:DATA_USAGE_COLLECTION_PURPOSE,PSL_PERSONALIZATION,,MULTIPLE_CHOICE,استخدام البيانات ومعالجتها (جهات الاتصال) / لماذا يتم جمع بيانات المستخدمين هذه؟ اختَر جميع الإجابات المناسبة. / تخصيص
PSL_DATA_USAGE_RESPONSES:PSL_CONTACTS:DATA_USAGE_COLLECTION_PURPOSE,PSL_ACCOUNT_MANAGEMENT,true,MULTIPLE_CHOICE,استخدام البيانات ومعالجتها (جهات الاتصال) / لماذا يتم جمع بيانات المستخدمين هذه؟ اختَر جميع الإجابات المناسبة. / إدارة الحساب
PSL_DATA_USAGE_RESPONSES:PSL_CONTACTS:DATA_USAGE_SHARING_PURPOSE,PSL_APP_FUNCTIONALITY,,MULTIPLE_CHOICE,استخدام البيانات ومعالجتها (جهات الاتصال) / لماذا تتم مشاركة بيانات المستخدمين هذه؟ اختَر جميع الإجابات المناسبة. / وظائف التطبيق
PSL_DATA_USAGE_RESPONSES:PSL_CONTACTS:DATA_USAGE_SHARING_PURPOSE,PSL_ANALYTICS,,MULTIPLE_CHOICE,استخدام البيانات ومعالجتها (جهات الاتصال) / لماذا تتم مشاركة بيانات المستخدمين هذه؟ اختَر جميع الإجابات المناسبة. / إحصاءات
PSL_DATA_USAGE_RESPONSES:PSL_CONTACTS:DATA_USAGE_SHARING_PURPOSE,PSL_DEVELOPER_COMMUNICATIONS,,MULTIPLE_CHOICE,استخدام البيانات ومعالجتها (جهات الاتصال) / لماذا تتم مشاركة بيانات المستخدمين هذه؟ اختَر جميع الإجابات المناسبة. / مراسلات المطوّر
PSL_DATA_USAGE_RESPONSES:PSL_CONTACTS:DATA_USAGE_SHARING_PURPOSE,PSL_FRAUD_PREVENTION_SECURITY,,MULTIPLE_CHOICE,استخدام البيانات ومعالجتها (جهات الاتصال) / لماذا تتم مشاركة بيانات المستخدمين هذه؟ اختَر جميع الإجابات المناسبة. / منع الاحتيال والأمان والامتثال
PSL_DATA_USAGE_RESPONSES:PSL_CONTACTS:DATA_USAGE_SHARING_PURPOSE,PSL_ADVERTISING,,MULTIPLE_CHOICE,استخدام البيانات ومعالجتها (جهات الاتصال) / لماذا تتم مشاركة بيانات المستخدمين هذه؟ اختَر جميع الإجابات المناسبة. / الإعلان أو التسويق
PSL_DATA_USAGE_RESPONSES:PSL_CONTACTS:DATA_USAGE_SHARING_PURPOSE,PSL_PERSONALIZATION,,MULTIPLE_CHOICE,استخدام البيانات ومعالجتها (جهات الاتصال) / لماذا تتم مشاركة بيانات المستخدمين هذه؟ اختَر جميع الإجابات المناسبة. / تخصيص
PSL_DATA_USAGE_RESPONSES:PSL_CONTACTS:DATA_USAGE_SHARING_PURPOSE,PSL_ACCOUNT_MANAGEMENT,,MULTIPLE_CHOICE,استخدام البيانات ومعالجتها (جهات الاتصال) / لماذا تتم مشاركة بيانات المستخدمين هذه؟ اختَر جميع الإجابات المناسبة. / إدارة الحساب
PSL_DATA_USAGE_RESPONSES:PSL_CALENDAR:PSL_DATA_USAGE_COLLECTION_AND_SHARING,PSL_DATA_USAGE_ONLY_COLLECTED,,MULTIPLE_CHOICE,استخدام البيانات ومعالجتها (أحداث التقويم) / هل يتم جمع هذه البيانات أو مشاركتها أو كلاهما؟ / بيانات يتم جمعها
PSL_DATA_USAGE_RESPONSES:PSL_CALENDAR:PSL_DATA_USAGE_COLLECTION_AND_SHARING,PSL_DATA_USAGE_ONLY_SHARED,,MULTIPLE_CHOICE,استخدام البيانات ومعالجتها (أحداث التقويم) / هل يتم جمع هذه البيانات أو مشاركتها أو كلاهما؟ / بيانات تتم مشاركتها
PSL_DATA_USAGE_RESPONSES:PSL_CALENDAR:PSL_DATA_USAGE_EPHEMERAL,,,MAYBE_REQUIRED,استخدام البيانات ومعالجتها (أحداث التقويم) / هل تتم معالجة هذه البيانات بشكل مؤقت؟
PSL_DATA_USAGE_RESPONSES:PSL_CALENDAR:DATA_USAGE_USER_CONTROL,PSL_DATA_USAGE_USER_CONTROL_OPTIONAL,,SINGLE_CHOICE,استخدام البيانات ومعالجتها (أحداث التقويم) / هل هذه البيانات مطلوبة لاستخدام تطبيقك، أو هل يمكن للمستخدمِين اختيار عدم جمعها؟ / يمكن للمستخدمِين اختيار جمع هذه البيانات أو عدم جمعها
PSL_DATA_USAGE_RESPONSES:PSL_CALENDAR:DATA_USAGE_USER_CONTROL,PSL_DATA_USAGE_USER_CONTROL_REQUIRED,,SINGLE_CHOICE,استخدام البيانات ومعالجتها (أحداث التقويم) / هل هذه البيانات مطلوبة لاستخدام تطبيقك، أو هل يمكن للمستخدمِين اختيار عدم جمعها؟ / جمع البيانات مطلوب (لا يمكن للمستخدمِين إيقاف عملية جمع البيانات)
PSL_DATA_USAGE_RESPONSES:PSL_CALENDAR:DATA_USAGE_COLLECTION_PURPOSE,PSL_APP_FUNCTIONALITY,,MULTIPLE_CHOICE,استخدام البيانات ومعالجتها (أحداث التقويم) / لماذا يتم جمع بيانات المستخدمين هذه؟ اختَر جميع الإجابات المناسبة. / وظائف التطبيق
PSL_DATA_USAGE_RESPONSES:PSL_CALENDAR:DATA_USAGE_COLLECTION_PURPOSE,PSL_ANALYTICS,,MULTIPLE_CHOICE,استخدام البيانات ومعالجتها (أحداث التقويم) / لماذا يتم جمع بيانات المستخدمين هذه؟ اختَر جميع الإجابات المناسبة. / إحصاءات
PSL_DATA_USAGE_RESPONSES:PSL_CALENDAR:DATA_USAGE_COLLECTION_PURPOSE,PSL_DEVELOPER_COMMUNICATIONS,,MULTIPLE_CHOICE,استخدام البيانات ومعالجتها (أحداث التقويم) / لماذا يتم جمع بيانات المستخدمين هذه؟ اختَر جميع الإجابات المناسبة. / مراسلات المطوّر
PSL_DATA_USAGE_RESPONSES:PSL_CALENDAR:DATA_USAGE_COLLECTION_PURPOSE,PSL_FRAUD_PREVENTION_SECURITY,,MULTIPLE_CHOICE,استخدام البيانات ومعالجتها (أحداث التقويم) / لماذا يتم جمع بيانات المستخدمين هذه؟ اختَر جميع الإجابات المناسبة. / منع الاحتيال والأمان والامتثال
PSL_DATA_USAGE_RESPONSES:PSL_CALENDAR:DATA_USAGE_COLLECTION_PURPOSE,PSL_ADVERTISING,,MULTIPLE_CHOICE,استخدام البيانات ومعالجتها (أحداث التقويم) / لماذا يتم جمع بيانات المستخدمين هذه؟ اختَر جميع الإجابات المناسبة. / الإعلان أو التسويق
PSL_DATA_USAGE_RESPONSES:PSL_CALENDAR:DATA_USAGE_COLLECTION_PURPOSE,PSL_PERSONALIZATION,,MULTIPLE_CHOICE,استخدام البيانات ومعالجتها (أحداث التقويم) / لماذا يتم جمع بيانات المستخدمين هذه؟ اختَر جميع الإجابات المناسبة. / تخصيص
PSL_DATA_USAGE_RESPONSES:PSL_CALENDAR:DATA_USAGE_COLLECTION_PURPOSE,PSL_ACCOUNT_MANAGEMENT,,MULTIPLE_CHOICE,استخدام البيانات ومعالجتها (أحداث التقويم) / لماذا يتم جمع بيانات المستخدمين هذه؟ اختَر جميع الإجابات المناسبة. / إدارة الحساب
PSL_DATA_USAGE_RESPONSES:PSL_CALENDAR:DATA_USAGE_SHARING_PURPOSE,PSL_APP_FUNCTIONALITY,,MULTIPLE_CHOICE,استخدام البيانات ومعالجتها (أحداث التقويم) / لماذا تتم مشاركة بيانات المستخدمين هذه؟ اختَر جميع الإجابات المناسبة. / وظائف التطبيق
PSL_DATA_USAGE_RESPONSES:PSL_CALENDAR:DATA_USAGE_SHARING_PURPOSE,PSL_ANALYTICS,,MULTIPLE_CHOICE,استخدام البيانات ومعالجتها (أحداث التقويم) / لماذا تتم مشاركة بيانات المستخدمين هذه؟ اختَر جميع الإجابات المناسبة. / إحصاءات
PSL_DATA_USAGE_RESPONSES:PSL_CALENDAR:DATA_USAGE_SHARING_PURPOSE,PSL_DEVELOPER_COMMUNICATIONS,,MULTIPLE_CHOICE,استخدام البيانات ومعالجتها (أحداث التقويم) / لماذا تتم مشاركة بيانات المستخدمين هذه؟ اختَر جميع الإجابات المناسبة. / مراسلات المطوّر
PSL_DATA_USAGE_RESPONSES:PSL_CALENDAR:DATA_USAGE_SHARING_PURPOSE,PSL_FRAUD_PREVENTION_SECURITY,,MULTIPLE_CHOICE,استخدام البيانات ومعالجتها (أحداث التقويم) / لماذا تتم مشاركة بيانات المستخدمين هذه؟ اختَر جميع الإجابات المناسبة. / منع الاحتيال والأمان والامتثال
PSL_DATA_USAGE_RESPONSES:PSL_CALENDAR:DATA_USAGE_SHARING_PURPOSE,PSL_ADVERTISING,,MULTIPLE_CHOICE,استخدام البيانات ومعالجتها (أحداث التقويم) / لماذا تتم مشاركة بيانات المستخدمين هذه؟ اختَر جميع الإجابات المناسبة. / الإعلان أو التسويق
PSL_DATA_USAGE_RESPONSES:PSL_CALENDAR:DATA_USAGE_SHARING_PURPOSE,PSL_PERSONALIZATION,,MULTIPLE_CHOICE,استخدام البيانات ومعالجتها (أحداث التقويم) / لماذا تتم مشاركة بيانات المستخدمين هذه؟ اختَر جميع الإجابات المناسبة. / تخصيص
PSL_DATA_USAGE_RESPONSES:PSL_CALENDAR:DATA_USAGE_SHARING_PURPOSE,PSL_ACCOUNT_MANAGEMENT,,MULTIPLE_CHOICE,استخدام البيانات ومعالجتها (أحداث التقويم) / لماذا تتم مشاركة بيانات المستخدمين هذه؟ اختَر جميع الإجابات المناسبة. / إدارة الحساب
PSL_DATA_USAGE_RESPONSES:PSL_CRASH_LOGS:PSL_DATA_USAGE_COLLECTION_AND_SHARING,PSL_DATA_USAGE_ONLY_COLLECTED,,MULTIPLE_CHOICE,استخدام البيانات ومعالجتها (سجلّات الأعطال) / هل يتم جمع هذه البيانات أو مشاركتها أو كلاهما؟ / بيانات يتم جمعها
PSL_DATA_USAGE_RESPONSES:PSL_CRASH_LOGS:PSL_DATA_USAGE_COLLECTION_AND_SHARING,PSL_DATA_USAGE_ONLY_SHARED,,MULTIPLE_CHOICE,استخدام البيانات ومعالجتها (سجلّات الأعطال) / هل يتم جمع هذه البيانات أو مشاركتها أو كلاهما؟ / بيانات تتم مشاركتها
PSL_DATA_USAGE_RESPONSES:PSL_CRASH_LOGS:PSL_DATA_USAGE_EPHEMERAL,,,MAYBE_REQUIRED,استخدام البيانات ومعالجتها (سجلّات الأعطال) / هل تتم معالجة هذه البيانات بشكل مؤقت؟
PSL_DATA_USAGE_RESPONSES:PSL_CRASH_LOGS:DATA_USAGE_USER_CONTROL,PSL_DATA_USAGE_USER_CONTROL_OPTIONAL,,SINGLE_CHOICE,استخدام البيانات ومعالجتها (سجلّات الأعطال) / هل هذه البيانات مطلوبة لاستخدام تطبيقك، أو هل يمكن للمستخدمِين اختيار عدم جمعها؟ / يمكن للمستخدمِين اختيار جمع هذه البيانات أو عدم جمعها
PSL_DATA_USAGE_RESPONSES:PSL_CRASH_LOGS:DATA_USAGE_USER_CONTROL,PSL_DATA_USAGE_USER_CONTROL_REQUIRED,,SINGLE_CHOICE,استخدام البيانات ومعالجتها (سجلّات الأعطال) / هل هذه البيانات مطلوبة لاستخدام تطبيقك، أو هل يمكن للمستخدمِين اختيار عدم جمعها؟ / جمع البيانات مطلوب (لا يمكن للمستخدمِين إيقاف عملية جمع البيانات)
PSL_DATA_USAGE_RESPONSES:PSL_CRASH_LOGS:DATA_USAGE_COLLECTION_PURPOSE,PSL_APP_FUNCTIONALITY,,MULTIPLE_CHOICE,استخدام البيانات ومعالجتها (سجلّات الأعطال) / لماذا يتم جمع بيانات المستخدمين هذه؟ اختَر جميع الإجابات المناسبة. / وظائف التطبيق
PSL_DATA_USAGE_RESPONSES:PSL_CRASH_LOGS:DATA_USAGE_COLLECTION_PURPOSE,PSL_ANALYTICS,,MULTIPLE_CHOICE,استخدام البيانات ومعالجتها (سجلّات الأعطال) / لماذا يتم جمع بيانات المستخدمين هذه؟ اختَر جميع الإجابات المناسبة. / إحصاءات
PSL_DATA_USAGE_RESPONSES:PSL_CRASH_LOGS:DATA_USAGE_COLLECTION_PURPOSE,PSL_DEVELOPER_COMMUNICATIONS,,MULTIPLE_CHOICE,استخدام البيانات ومعالجتها (سجلّات الأعطال) / لماذا يتم جمع بيانات المستخدمين هذه؟ اختَر جميع الإجابات المناسبة. / مراسلات المطوّر
PSL_DATA_USAGE_RESPONSES:PSL_CRASH_LOGS:DATA_USAGE_COLLECTION_PURPOSE,PSL_FRAUD_PREVENTION_SECURITY,,MULTIPLE_CHOICE,استخدام البيانات ومعالجتها (سجلّات الأعطال) / لماذا يتم جمع بيانات المستخدمين هذه؟ اختَر جميع الإجابات المناسبة. / منع الاحتيال والأمان والامتثال
PSL_DATA_USAGE_RESPONSES:PSL_CRASH_LOGS:DATA_USAGE_COLLECTION_PURPOSE,PSL_ADVERTISING,,MULTIPLE_CHOICE,استخدام البيانات ومعالجتها (سجلّات الأعطال) / لماذا يتم جمع بيانات المستخدمين هذه؟ اختَر جميع الإجابات المناسبة. / الإعلان أو التسويق
PSL_DATA_USAGE_RESPONSES:PSL_CRASH_LOGS:DATA_USAGE_COLLECTION_PURPOSE,PSL_PERSONALIZATION,,MULTIPLE_CHOICE,استخدام البيانات ومعالجتها (سجلّات الأعطال) / لماذا يتم جمع بيانات المستخدمين هذه؟ اختَر جميع الإجابات المناسبة. / تخصيص
PSL_DATA_USAGE_RESPONSES:PSL_CRASH_LOGS:DATA_USAGE_COLLECTION_PURPOSE,PSL_ACCOUNT_MANAGEMENT,,MULTIPLE_CHOICE,استخدام البيانات ومعالجتها (سجلّات الأعطال) / لماذا يتم جمع بيانات المستخدمين هذه؟ اختَر جميع الإجابات المناسبة. / إدارة الحساب
PSL_DATA_USAGE_RESPONSES:PSL_CRASH_LOGS:DATA_USAGE_SHARING_PURPOSE,PSL_APP_FUNCTIONALITY,,MULTIPLE_CHOICE,استخدام البيانات ومعالجتها (سجلّات الأعطال) / لماذا تتم مشاركة بيانات المستخدمين هذه؟ اختَر جميع الإجابات المناسبة. / وظائف التطبيق
PSL_DATA_USAGE_RESPONSES:PSL_CRASH_LOGS:DATA_USAGE_SHARING_PURPOSE,PSL_ANALYTICS,,MULTIPLE_CHOICE,استخدام البيانات ومعالجتها (سجلّات الأعطال) / لماذا تتم مشاركة بيانات المستخدمين هذه؟ اختَر جميع الإجابات المناسبة. / إحصاءات
PSL_DATA_USAGE_RESPONSES:PSL_CRASH_LOGS:DATA_USAGE_SHARING_PURPOSE,PSL_DEVELOPER_COMMUNICATIONS,,MULTIPLE_CHOICE,استخدام البيانات ومعالجتها (سجلّات الأعطال) / لماذا تتم مشاركة بيانات المستخدمين هذه؟ اختَر جميع الإجابات المناسبة. / مراسلات المطوّر
PSL_DATA_USAGE_RESPONSES:PSL_CRASH_LOGS:DATA_USAGE_SHARING_PURPOSE,PSL_FRAUD_PREVENTION_SECURITY,,MULTIPLE_CHOICE,استخدام البيانات ومعالجتها (سجلّات الأعطال) / لماذا تتم مشاركة بيانات المستخدمين هذه؟ اختَر جميع الإجابات المناسبة. / منع الاحتيال والأمان والامتثال
PSL_DATA_USAGE_RESPONSES:PSL_CRASH_LOGS:DATA_USAGE_SHARING_PURPOSE,PSL_ADVERTISING,,MULTIPLE_CHOICE,استخدام البيانات ومعالجتها (سجلّات الأعطال) / لماذا تتم مشاركة بيانات المستخدمين هذه؟ اختَر جميع الإجابات المناسبة. / الإعلان أو التسويق
PSL_DATA_USAGE_RESPONSES:PSL_CRASH_LOGS:DATA_USAGE_SHARING_PURPOSE,PSL_PERSONALIZATION,,MULTIPLE_CHOICE,استخدام البيانات ومعالجتها (سجلّات الأعطال) / لماذا تتم مشاركة بيانات المستخدمين هذه؟ اختَر جميع الإجابات المناسبة. / تخصيص
PSL_DATA_USAGE_RESPONSES:PSL_CRASH_LOGS:DATA_USAGE_SHARING_PURPOSE,PSL_ACCOUNT_MANAGEMENT,,MULTIPLE_CHOICE,استخدام البيانات ومعالجتها (سجلّات الأعطال) / لماذا تتم مشاركة بيانات المستخدمين هذه؟ اختَر جميع الإجابات المناسبة. / إدارة الحساب
PSL_DATA_USAGE_RESPONSES:PSL_PERFORMANCE_DIAGNOSTICS:PSL_DATA_USAGE_COLLECTION_AND_SHARING,PSL_DATA_USAGE_ONLY_COLLECTED,,MULTIPLE_CHOICE,استخدام البيانات ومعالجتها (بيانات التشخيص) / هل يتم جمع هذه البيانات أو مشاركتها أو كلاهما؟ / بيانات يتم جمعها
PSL_DATA_USAGE_RESPONSES:PSL_PERFORMANCE_DIAGNOSTICS:PSL_DATA_USAGE_COLLECTION_AND_SHARING,PSL_DATA_USAGE_ONLY_SHARED,,MULTIPLE_CHOICE,استخدام البيانات ومعالجتها (بيانات التشخيص) / هل يتم جمع هذه البيانات أو مشاركتها أو كلاهما؟ / بيانات تتم مشاركتها
PSL_DATA_USAGE_RESPONSES:PSL_PERFORMANCE_DIAGNOSTICS:PSL_DATA_USAGE_EPHEMERAL,,,MAYBE_REQUIRED,استخدام البيانات ومعالجتها (بيانات التشخيص) / هل تتم معالجة هذه البيانات بشكل مؤقت؟
PSL_DATA_USAGE_RESPONSES:PSL_PERFORMANCE_DIAGNOSTICS:DATA_USAGE_USER_CONTROL,PSL_DATA_USAGE_USER_CONTROL_OPTIONAL,,SINGLE_CHOICE,استخدام البيانات ومعالجتها (بيانات التشخيص) / هل هذه البيانات مطلوبة لاستخدام تطبيقك، أو هل يمكن للمستخدمِين اختيار عدم جمعها؟ / يمكن للمستخدمِين اختيار جمع هذه البيانات أو عدم جمعها
PSL_DATA_USAGE_RESPONSES:PSL_PERFORMANCE_DIAGNOSTICS:DATA_USAGE_USER_CONTROL,PSL_DATA_USAGE_USER_CONTROL_REQUIRED,,SINGLE_CHOICE,استخدام البيانات ومعالجتها (بيانات التشخيص) / هل هذه البيانات مطلوبة لاستخدام تطبيقك، أو هل يمكن للمستخدمِين اختيار عدم جمعها؟ / جمع البيانات مطلوب (لا يمكن للمستخدمِين إيقاف عملية جمع البيانات)
PSL_DATA_USAGE_RESPONSES:PSL_PERFORMANCE_DIAGNOSTICS:DATA_USAGE_COLLECTION_PURPOSE,PSL_APP_FUNCTIONALITY,,MULTIPLE_CHOICE,استخدام البيانات ومعالجتها (بيانات التشخيص) / لماذا يتم جمع بيانات المستخدمين هذه؟ اختَر جميع الإجابات المناسبة. / وظائف التطبيق
PSL_DATA_USAGE_RESPONSES:PSL_PERFORMANCE_DIAGNOSTICS:DATA_USAGE_COLLECTION_PURPOSE,PSL_ANALYTICS,,MULTIPLE_CHOICE,استخدام البيانات ومعالجتها (بيانات التشخيص) / لماذا يتم جمع بيانات المستخدمين هذه؟ اختَر جميع الإجابات المناسبة. / إحصاءات
PSL_DATA_USAGE_RESPONSES:PSL_PERFORMANCE_DIAGNOSTICS:DATA_USAGE_COLLECTION_PURPOSE,PSL_DEVELOPER_COMMUNICATIONS,,MULTIPLE_CHOICE,استخدام البيانات ومعالجتها (بيانات التشخيص) / لماذا يتم جمع بيانات المستخدمين هذه؟ اختَر جميع الإجابات المناسبة. / مراسلات المطوّر
PSL_DATA_USAGE_RESPONSES:PSL_PERFORMANCE_DIAGNOSTICS:DATA_USAGE_COLLECTION_PURPOSE,PSL_FRAUD_PREVENTION_SECURITY,,MULTIPLE_CHOICE,استخدام البيانات ومعالجتها (بيانات التشخيص) / لماذا يتم جمع بيانات المستخدمين هذه؟ اختَر جميع الإجابات المناسبة. / منع الاحتيال والأمان والامتثال
PSL_DATA_USAGE_RESPONSES:PSL_PERFORMANCE_DIAGNOSTICS:DATA_USAGE_COLLECTION_PURPOSE,PSL_ADVERTISING,,MULTIPLE_CHOICE,استخدام البيانات ومعالجتها (بيانات التشخيص) / لماذا يتم جمع بيانات المستخدمين هذه؟ اختَر جميع الإجابات المناسبة. / الإعلان أو التسويق
PSL_DATA_USAGE_RESPONSES:PSL_PERFORMANCE_DIAGNOSTICS:DATA_USAGE_COLLECTION_PURPOSE,PSL_PERSONALIZATION,,MULTIPLE_CHOICE,استخدام البيانات ومعالجتها (بيانات التشخيص) / لماذا يتم جمع بيانات المستخدمين هذه؟ اختَر جميع الإجابات المناسبة. / تخصيص
PSL_DATA_USAGE_RESPONSES:PSL_PERFORMANCE_DIAGNOSTICS:DATA_USAGE_COLLECTION_PURPOSE,PSL_ACCOUNT_MANAGEMENT,,MULTIPLE_CHOICE,استخدام البيانات ومعالجتها (بيانات التشخيص) / لماذا يتم جمع بيانات المستخدمين هذه؟ اختَر جميع الإجابات المناسبة. / إدارة الحساب
PSL_DATA_USAGE_RESPONSES:PSL_PERFORMANCE_DIAGNOSTICS:DATA_USAGE_SHARING_PURPOSE,PSL_APP_FUNCTIONALITY,,MULTIPLE_CHOICE,استخدام البيانات ومعالجتها (بيانات التشخيص) / لماذا تتم مشاركة بيانات المستخدمين هذه؟ اختَر جميع الإجابات المناسبة. / وظائف التطبيق
PSL_DATA_USAGE_RESPONSES:PSL_PERFORMANCE_DIAGNOSTICS:DATA_USAGE_SHARING_PURPOSE,PSL_ANALYTICS,,MULTIPLE_CHOICE,استخدام البيانات ومعالجتها (بيانات التشخيص) / لماذا تتم مشاركة بيانات المستخدمين هذه؟ اختَر جميع الإجابات المناسبة. / إحصاءات
PSL_DATA_USAGE_RESPONSES:PSL_PERFORMANCE_DIAGNOSTICS:DATA_USAGE_SHARING_PURPOSE,PSL_DEVELOPER_COMMUNICATIONS,,MULTIPLE_CHOICE,استخدام البيانات ومعالجتها (بيانات التشخيص) / لماذا تتم مشاركة بيانات المستخدمين هذه؟ اختَر جميع الإجابات المناسبة. / مراسلات المطوّر
PSL_DATA_USAGE_RESPONSES:PSL_PERFORMANCE_DIAGNOSTICS:DATA_USAGE_SHARING_PURPOSE,PSL_FRAUD_PREVENTION_SECURITY,,MULTIPLE_CHOICE,استخدام البيانات ومعالجتها (بيانات التشخيص) / لماذا تتم مشاركة بيانات المستخدمين هذه؟ اختَر جميع الإجابات المناسبة. / منع الاحتيال والأمان والامتثال
PSL_DATA_USAGE_RESPONSES:PSL_PERFORMANCE_DIAGNOSTICS:DATA_USAGE_SHARING_PURPOSE,PSL_ADVERTISING,,MULTIPLE_CHOICE,استخدام البيانات ومعالجتها (بيانات التشخيص) / لماذا تتم مشاركة بيانات المستخدمين هذه؟ اختَر جميع الإجابات المناسبة. / الإعلان أو التسويق
PSL_DATA_USAGE_RESPONSES:PSL_PERFORMANCE_DIAGNOSTICS:DATA_USAGE_SHARING_PURPOSE,PSL_PERSONALIZATION,,MULTIPLE_CHOICE,استخدام البيانات ومعالجتها (بيانات التشخيص) / لماذا تتم مشاركة بيانات المستخدمين هذه؟ اختَر جميع الإجابات المناسبة. / تخصيص
PSL_DATA_USAGE_RESPONSES:PSL_PERFORMANCE_DIAGNOSTICS:DATA_USAGE_SHARING_PURPOSE,PSL_ACCOUNT_MANAGEMENT,,MULTIPLE_CHOICE,استخدام البيانات ومعالجتها (بيانات التشخيص) / لماذا تتم مشاركة بيانات المستخدمين هذه؟ اختَر جميع الإجابات المناسبة. / إدارة الحساب
PSL_DATA_USAGE_RESPONSES:PSL_OTHER_PERFORMANCE:PSL_DATA_USAGE_COLLECTION_AND_SHARING,PSL_DATA_USAGE_ONLY_COLLECTED,,MULTIPLE_CHOICE,استخدام البيانات ومعالجتها (أي بيانات أخرى عن أداء التطبيق) / هل يتم جمع هذه البيانات أو مشاركتها أو كلاهما؟ / بيانات يتم جمعها
PSL_DATA_USAGE_RESPONSES:PSL_OTHER_PERFORMANCE:PSL_DATA_USAGE_COLLECTION_AND_SHARING,PSL_DATA_USAGE_ONLY_SHARED,,MULTIPLE_CHOICE,استخدام البيانات ومعالجتها (أي بيانات أخرى عن أداء التطبيق) / هل يتم جمع هذه البيانات أو مشاركتها أو كلاهما؟ / بيانات تتم مشاركتها
PSL_DATA_USAGE_RESPONSES:PSL_OTHER_PERFORMANCE:PSL_DATA_USAGE_EPHEMERAL,,,MAYBE_REQUIRED,استخدام البيانات ومعالجتها (أي بيانات أخرى عن أداء التطبيق) / هل تتم معالجة هذه البيانات بشكل مؤقت؟
PSL_DATA_USAGE_RESPONSES:PSL_OTHER_PERFORMANCE:DATA_USAGE_USER_CONTROL,PSL_DATA_USAGE_USER_CONTROL_OPTIONAL,,SINGLE_CHOICE,استخدام البيانات ومعالجتها (أي بيانات أخرى عن أداء التطبيق) / هل هذه البيانات مطلوبة لاستخدام تطبيقك، أو هل يمكن للمستخدمِين اختيار عدم جمعها؟ / يمكن للمستخدمِين اختيار جمع هذه البيانات أو عدم جمعها
PSL_DATA_USAGE_RESPONSES:PSL_OTHER_PERFORMANCE:DATA_USAGE_USER_CONTROL,PSL_DATA_USAGE_USER_CONTROL_REQUIRED,,SINGLE_CHOICE,استخدام البيانات ومعالجتها (أي بيانات أخرى عن أداء التطبيق) / هل هذه البيانات مطلوبة لاستخدام تطبيقك، أو هل يمكن للمستخدمِين اختيار عدم جمعها؟ / جمع البيانات مطلوب (لا يمكن للمستخدمِين إيقاف عملية جمع البيانات)
PSL_DATA_USAGE_RESPONSES:PSL_OTHER_PERFORMANCE:DATA_USAGE_COLLECTION_PURPOSE,PSL_APP_FUNCTIONALITY,,MULTIPLE_CHOICE,استخدام البيانات ومعالجتها (أي بيانات أخرى عن أداء التطبيق) / لماذا يتم جمع بيانات المستخدمين هذه؟ اختَر جميع الإجابات المناسبة. / وظائف التطبيق
PSL_DATA_USAGE_RESPONSES:PSL_OTHER_PERFORMANCE:DATA_USAGE_COLLECTION_PURPOSE,PSL_ANALYTICS,,MULTIPLE_CHOICE,استخدام البيانات ومعالجتها (أي بيانات أخرى عن أداء التطبيق) / لماذا يتم جمع بيانات المستخدمين هذه؟ اختَر جميع الإجابات المناسبة. / إحصاءات
PSL_DATA_USAGE_RESPONSES:PSL_OTHER_PERFORMANCE:DATA_USAGE_COLLECTION_PURPOSE,PSL_DEVELOPER_COMMUNICATIONS,,MULTIPLE_CHOICE,استخدام البيانات ومعالجتها (أي بيانات أخرى عن أداء التطبيق) / لماذا يتم جمع بيانات المستخدمين هذه؟ اختَر جميع الإجابات المناسبة. / مراسلات المطوّر
PSL_DATA_USAGE_RESPONSES:PSL_OTHER_PERFORMANCE:DATA_USAGE_COLLECTION_PURPOSE,PSL_FRAUD_PREVENTION_SECURITY,,MULTIPLE_CHOICE,استخدام البيانات ومعالجتها (أي بيانات أخرى عن أداء التطبيق) / لماذا يتم جمع بيانات المستخدمين هذه؟ اختَر جميع الإجابات المناسبة. / منع الاحتيال والأمان والامتثال
PSL_DATA_USAGE_RESPONSES:PSL_OTHER_PERFORMANCE:DATA_USAGE_COLLECTION_PURPOSE,PSL_ADVERTISING,,MULTIPLE_CHOICE,استخدام البيانات ومعالجتها (أي بيانات أخرى عن أداء التطبيق) / لماذا يتم جمع بيانات المستخدمين هذه؟ اختَر جميع الإجابات المناسبة. / الإعلان أو التسويق
PSL_DATA_USAGE_RESPONSES:PSL_OTHER_PERFORMANCE:DATA_USAGE_COLLECTION_PURPOSE,PSL_PERSONALIZATION,,MULTIPLE_CHOICE,استخدام البيانات ومعالجتها (أي بيانات أخرى عن أداء التطبيق) / لماذا يتم جمع بيانات المستخدمين هذه؟ اختَر جميع الإجابات المناسبة. / تخصيص
PSL_DATA_USAGE_RESPONSES:PSL_OTHER_PERFORMANCE:DATA_USAGE_COLLECTION_PURPOSE,PSL_ACCOUNT_MANAGEMENT,,MULTIPLE_CHOICE,استخدام البيانات ومعالجتها (أي بيانات أخرى عن أداء التطبيق) / لماذا يتم جمع بيانات المستخدمين هذه؟ اختَر جميع الإجابات المناسبة. / إدارة الحساب
PSL_DATA_USAGE_RESPONSES:PSL_OTHER_PERFORMANCE:DATA_USAGE_SHARING_PURPOSE,PSL_APP_FUNCTIONALITY,,MULTIPLE_CHOICE,استخدام البيانات ومعالجتها (أي بيانات أخرى عن أداء التطبيق) / لماذا تتم مشاركة بيانات المستخدمين هذه؟ اختَر جميع الإجابات المناسبة. / وظائف التطبيق
PSL_DATA_USAGE_RESPONSES:PSL_OTHER_PERFORMANCE:DATA_USAGE_SHARING_PURPOSE,PSL_ANALYTICS,,MULTIPLE_CHOICE,استخدام البيانات ومعالجتها (أي بيانات أخرى عن أداء التطبيق) / لماذا تتم مشاركة بيانات المستخدمين هذه؟ اختَر جميع الإجابات المناسبة. / إحصاءات
PSL_DATA_USAGE_RESPONSES:PSL_OTHER_PERFORMANCE:DATA_USAGE_SHARING_PURPOSE,PSL_DEVELOPER_COMMUNICATIONS,,MULTIPLE_CHOICE,استخدام البيانات ومعالجتها (أي بيانات أخرى عن أداء التطبيق) / لماذا تتم مشاركة بيانات المستخدمين هذه؟ اختَر جميع الإجابات المناسبة. / مراسلات المطوّر
PSL_DATA_USAGE_RESPONSES:PSL_OTHER_PERFORMANCE:DATA_USAGE_SHARING_PURPOSE,PSL_FRAUD_PREVENTION_SECURITY,,MULTIPLE_CHOICE,استخدام البيانات ومعالجتها (أي بيانات أخرى عن أداء التطبيق) / لماذا تتم مشاركة بيانات المستخدمين هذه؟ اختَر جميع الإجابات المناسبة. / منع الاحتيال والأمان والامتثال
PSL_DATA_USAGE_RESPONSES:PSL_OTHER_PERFORMANCE:DATA_USAGE_SHARING_PURPOSE,PSL_ADVERTISING,,MULTIPLE_CHOICE,استخدام البيانات ومعالجتها (أي بيانات أخرى عن أداء التطبيق) / لماذا تتم مشاركة بيانات المستخدمين هذه؟ اختَر جميع الإجابات المناسبة. / الإعلان أو التسويق
PSL_DATA_USAGE_RESPONSES:PSL_OTHER_PERFORMANCE:DATA_USAGE_SHARING_PURPOSE,PSL_PERSONALIZATION,,MULTIPLE_CHOICE,استخدام البيانات ومعالجتها (أي بيانات أخرى عن أداء التطبيق) / لماذا تتم مشاركة بيانات المستخدمين هذه؟ اختَر جميع الإجابات المناسبة. / تخصيص
PSL_DATA_USAGE_RESPONSES:PSL_OTHER_PERFORMANCE:DATA_USAGE_SHARING_PURPOSE,PSL_ACCOUNT_MANAGEMENT,,MULTIPLE_CHOICE,استخدام البيانات ومعالجتها (أي بيانات أخرى عن أداء التطبيق) / لماذا تتم مشاركة بيانات المستخدمين هذه؟ اختَر جميع الإجابات المناسبة. / إدارة الحساب
PSL_DATA_USAGE_RESPONSES:PSL_FILES_AND_DOCS:PSL_DATA_USAGE_COLLECTION_AND_SHARING,PSL_DATA_USAGE_ONLY_COLLECTED,true,MULTIPLE_CHOICE,استخدام البيانات ومعالجتها (الملفات والمستندات) / هل يتم جمع هذه البيانات أو مشاركتها أو كلاهما؟ / بيانات يتم جمعها
PSL_DATA_USAGE_RESPONSES:PSL_FILES_AND_DOCS:PSL_DATA_USAGE_COLLECTION_AND_SHARING,PSL_DATA_USAGE_ONLY_SHARED,,MULTIPLE_CHOICE,استخدام البيانات ومعالجتها (الملفات والمستندات) / هل يتم جمع هذه البيانات أو مشاركتها أو كلاهما؟ / بيانات تتم مشاركتها
PSL_DATA_USAGE_RESPONSES:PSL_FILES_AND_DOCS:PSL_DATA_USAGE_EPHEMERAL,,true,MAYBE_REQUIRED,استخدام البيانات ومعالجتها (الملفات والمستندات) / هل تتم معالجة هذه البيانات بشكل مؤقت؟
PSL_DATA_USAGE_RESPONSES:PSL_FILES_AND_DOCS:DATA_USAGE_USER_CONTROL,PSL_DATA_USAGE_USER_CONTROL_OPTIONAL,true,SINGLE_CHOICE,استخدام البيانات ومعالجتها (الملفات والمستندات) / هل هذه البيانات مطلوبة لاستخدام تطبيقك، أو هل يمكن للمستخدمِين اختيار عدم جمعها؟ / يمكن للمستخدمِين اختيار جمع هذه البيانات أو عدم جمعها
PSL_DATA_USAGE_RESPONSES:PSL_FILES_AND_DOCS:DATA_USAGE_USER_CONTROL,PSL_DATA_USAGE_USER_CONTROL_REQUIRED,,SINGLE_CHOICE,استخدام البيانات ومعالجتها (الملفات والمستندات) / هل هذه البيانات مطلوبة لاستخدام تطبيقك، أو هل يمكن للمستخدمِين اختيار عدم جمعها؟ / جمع البيانات مطلوب (لا يمكن للمستخدمِين إيقاف عملية جمع البيانات)
PSL_DATA_USAGE_RESPONSES:PSL_FILES_AND_DOCS:DATA_USAGE_COLLECTION_PURPOSE,PSL_APP_FUNCTIONALITY,true,MULTIPLE_CHOICE,استخدام البيانات ومعالجتها (الملفات والمستندات) / لماذا يتم جمع بيانات المستخدمين هذه؟ اختَر جميع الإجابات المناسبة. / وظائف التطبيق
PSL_DATA_USAGE_RESPONSES:PSL_FILES_AND_DOCS:DATA_USAGE_COLLECTION_PURPOSE,PSL_ANALYTICS,true,MULTIPLE_CHOICE,استخدام البيانات ومعالجتها (الملفات والمستندات) / لماذا يتم جمع بيانات المستخدمين هذه؟ اختَر جميع الإجابات المناسبة. / إحصاءات
PSL_DATA_USAGE_RESPONSES:PSL_FILES_AND_DOCS:DATA_USAGE_COLLECTION_PURPOSE,PSL_DEVELOPER_COMMUNICATIONS,true,MULTIPLE_CHOICE,استخدام البيانات ومعالجتها (الملفات والمستندات) / لماذا يتم جمع بيانات المستخدمين هذه؟ اختَر جميع الإجابات المناسبة. / مراسلات المطوّر
PSL_DATA_USAGE_RESPONSES:PSL_FILES_AND_DOCS:DATA_USAGE_COLLECTION_PURPOSE,PSL_FRAUD_PREVENTION_SECURITY,true,MULTIPLE_CHOICE,استخدام البيانات ومعالجتها (الملفات والمستندات) / لماذا يتم جمع بيانات المستخدمين هذه؟ اختَر جميع الإجابات المناسبة. / منع الاحتيال والأمان والامتثال
PSL_DATA_USAGE_RESPONSES:PSL_FILES_AND_DOCS:DATA_USAGE_COLLECTION_PURPOSE,PSL_ADVERTISING,,MULTIPLE_CHOICE,استخدام البيانات ومعالجتها (الملفات والمستندات) / لماذا يتم جمع بيانات المستخدمين هذه؟ اختَر جميع الإجابات المناسبة. / الإعلان أو التسويق
PSL_DATA_USAGE_RESPONSES:PSL_FILES_AND_DOCS:DATA_USAGE_COLLECTION_PURPOSE,PSL_PERSONALIZATION,,MULTIPLE_CHOICE,استخدام البيانات ومعالجتها (الملفات والمستندات) / لماذا يتم جمع بيانات المستخدمين هذه؟ اختَر جميع الإجابات المناسبة. / تخصيص
PSL_DATA_USAGE_RESPONSES:PSL_FILES_AND_DOCS:DATA_USAGE_COLLECTION_PURPOSE,PSL_ACCOUNT_MANAGEMENT,,MULTIPLE_CHOICE,استخدام البيانات ومعالجتها (الملفات والمستندات) / لماذا يتم جمع بيانات المستخدمين هذه؟ اختَر جميع الإجابات المناسبة. / إدارة الحساب
PSL_DATA_USAGE_RESPONSES:PSL_FILES_AND_DOCS:DATA_USAGE_SHARING_PURPOSE,PSL_APP_FUNCTIONALITY,,MULTIPLE_CHOICE,استخدام البيانات ومعالجتها (الملفات والمستندات) / لماذا تتم مشاركة بيانات المستخدمين هذه؟ اختَر جميع الإجابات المناسبة. / وظائف التطبيق
PSL_DATA_USAGE_RESPONSES:PSL_FILES_AND_DOCS:DATA_USAGE_SHARING_PURPOSE,PSL_ANALYTICS,,MULTIPLE_CHOICE,استخدام البيانات ومعالجتها (الملفات والمستندات) / لماذا تتم مشاركة بيانات المستخدمين هذه؟ اختَر جميع الإجابات المناسبة. / إحصاءات
PSL_DATA_USAGE_RESPONSES:PSL_FILES_AND_DOCS:DATA_USAGE_SHARING_PURPOSE,PSL_DEVELOPER_COMMUNICATIONS,,MULTIPLE_CHOICE,استخدام البيانات ومعالجتها (الملفات والمستندات) / لماذا تتم مشاركة بيانات المستخدمين هذه؟ اختَر جميع الإجابات المناسبة. / مراسلات المطوّر
PSL_DATA_USAGE_RESPONSES:PSL_FILES_AND_DOCS:DATA_USAGE_SHARING_PURPOSE,PSL_FRAUD_PREVENTION_SECURITY,,MULTIPLE_CHOICE,استخدام البيانات ومعالجتها (الملفات والمستندات) / لماذا تتم مشاركة بيانات المستخدمين هذه؟ اختَر جميع الإجابات المناسبة. / منع الاحتيال والأمان والامتثال
PSL_DATA_USAGE_RESPONSES:PSL_FILES_AND_DOCS:DATA_USAGE_SHARING_PURPOSE,PSL_ADVERTISING,,MULTIPLE_CHOICE,استخدام البيانات ومعالجتها (الملفات والمستندات) / لماذا تتم مشاركة بيانات المستخدمين هذه؟ اختَر جميع الإجابات المناسبة. / الإعلان أو التسويق
PSL_DATA_USAGE_RESPONSES:PSL_FILES_AND_DOCS:DATA_USAGE_SHARING_PURPOSE,PSL_PERSONALIZATION,,MULTIPLE_CHOICE,استخدام البيانات ومعالجتها (الملفات والمستندات) / لماذا تتم مشاركة بيانات المستخدمين هذه؟ اختَر جميع الإجابات المناسبة. / تخصيص
PSL_DATA_USAGE_RESPONSES:PSL_FILES_AND_DOCS:DATA_USAGE_SHARING_PURPOSE,PSL_ACCOUNT_MANAGEMENT,,MULTIPLE_CHOICE,استخدام البيانات ومعالجتها (الملفات والمستندات) / لماذا تتم مشاركة بيانات المستخدمين هذه؟ اختَر جميع الإجابات المناسبة. / إدارة الحساب
PSL_DATA_USAGE_RESPONSES:PSL_USER_INTERACTION:PSL_DATA_USAGE_COLLECTION_AND_SHARING,PSL_DATA_USAGE_ONLY_COLLECTED,,MULTIPLE_CHOICE,استخدام البيانات ومعالجتها (تفاعلات المستخدمين مع التطبيق) / هل يتم جمع هذه البيانات أو مشاركتها أو كلاهما؟ / بيانات يتم جمعها
PSL_DATA_USAGE_RESPONSES:PSL_USER_INTERACTION:PSL_DATA_USAGE_COLLECTION_AND_SHARING,PSL_DATA_USAGE_ONLY_SHARED,,MULTIPLE_CHOICE,استخدام البيانات ومعالجتها (تفاعلات المستخدمين مع التطبيق) / هل يتم جمع هذه البيانات أو مشاركتها أو كلاهما؟ / بيانات تتم مشاركتها
PSL_DATA_USAGE_RESPONSES:PSL_USER_INTERACTION:PSL_DATA_USAGE_EPHEMERAL,,,MAYBE_REQUIRED,استخدام البيانات ومعالجتها (تفاعلات المستخدمين مع التطبيق) / هل تتم معالجة هذه البيانات بشكل مؤقت؟
PSL_DATA_USAGE_RESPONSES:PSL_USER_INTERACTION:DATA_USAGE_USER_CONTROL,PSL_DATA_USAGE_USER_CONTROL_OPTIONAL,,SINGLE_CHOICE,استخدام البيانات ومعالجتها (تفاعلات المستخدمين مع التطبيق) / هل هذه البيانات مطلوبة لاستخدام تطبيقك، أو هل يمكن للمستخدمِين اختيار عدم جمعها؟ / يمكن للمستخدمِين اختيار جمع هذه البيانات أو عدم جمعها
PSL_DATA_USAGE_RESPONSES:PSL_USER_INTERACTION:DATA_USAGE_USER_CONTROL,PSL_DATA_USAGE_USER_CONTROL_REQUIRED,,SINGLE_CHOICE,استخدام البيانات ومعالجتها (تفاعلات المستخدمين مع التطبيق) / هل هذه البيانات مطلوبة لاستخدام تطبيقك، أو هل يمكن للمستخدمِين اختيار عدم جمعها؟ / جمع البيانات مطلوب (لا يمكن للمستخدمِين إيقاف عملية جمع البيانات)
PSL_DATA_USAGE_RESPONSES:PSL_USER_INTERACTION:DATA_USAGE_COLLECTION_PURPOSE,PSL_APP_FUNCTIONALITY,,MULTIPLE_CHOICE,استخدام البيانات ومعالجتها (تفاعلات المستخدمين مع التطبيق) / لماذا يتم جمع بيانات المستخدمين هذه؟ اختَر جميع الإجابات المناسبة. / وظائف التطبيق
PSL_DATA_USAGE_RESPONSES:PSL_USER_INTERACTION:DATA_USAGE_COLLECTION_PURPOSE,PSL_ANALYTICS,,MULTIPLE_CHOICE,استخدام البيانات ومعالجتها (تفاعلات المستخدمين مع التطبيق) / لماذا يتم جمع بيانات المستخدمين هذه؟ اختَر جميع الإجابات المناسبة. / إحصاءات
PSL_DATA_USAGE_RESPONSES:PSL_USER_INTERACTION:DATA_USAGE_COLLECTION_PURPOSE,PSL_DEVELOPER_COMMUNICATIONS,,MULTIPLE_CHOICE,استخدام البيانات ومعالجتها (تفاعلات المستخدمين مع التطبيق) / لماذا يتم جمع بيانات المستخدمين هذه؟ اختَر جميع الإجابات المناسبة. / مراسلات المطوّر
PSL_DATA_USAGE_RESPONSES:PSL_USER_INTERACTION:DATA_USAGE_COLLECTION_PURPOSE,PSL_FRAUD_PREVENTION_SECURITY,,MULTIPLE_CHOICE,استخدام البيانات ومعالجتها (تفاعلات المستخدمين مع التطبيق) / لماذا يتم جمع بيانات المستخدمين هذه؟ اختَر جميع الإجابات المناسبة. / منع الاحتيال والأمان والامتثال
PSL_DATA_USAGE_RESPONSES:PSL_USER_INTERACTION:DATA_USAGE_COLLECTION_PURPOSE,PSL_ADVERTISING,,MULTIPLE_CHOICE,استخدام البيانات ومعالجتها (تفاعلات المستخدمين مع التطبيق) / لماذا يتم جمع بيانات المستخدمين هذه؟ اختَر جميع الإجابات المناسبة. / الإعلان أو التسويق
PSL_DATA_USAGE_RESPONSES:PSL_USER_INTERACTION:DATA_USAGE_COLLECTION_PURPOSE,PSL_PERSONALIZATION,,MULTIPLE_CHOICE,استخدام البيانات ومعالجتها (تفاعلات المستخدمين مع التطبيق) / لماذا يتم جمع بيانات المستخدمين هذه؟ اختَر جميع الإجابات المناسبة. / تخصيص
PSL_DATA_USAGE_RESPONSES:PSL_USER_INTERACTION:DATA_USAGE_COLLECTION_PURPOSE,PSL_ACCOUNT_MANAGEMENT,,MULTIPLE_CHOICE,استخدام البيانات ومعالجتها (تفاعلات المستخدمين مع التطبيق) / لماذا يتم جمع بيانات المستخدمين هذه؟ اختَر جميع الإجابات المناسبة. / إدارة الحساب
PSL_DATA_USAGE_RESPONSES:PSL_USER_INTERACTION:DATA_USAGE_SHARING_PURPOSE,PSL_APP_FUNCTIONALITY,,MULTIPLE_CHOICE,استخدام البيانات ومعالجتها (تفاعلات المستخدمين مع التطبيق) / لماذا تتم مشاركة بيانات المستخدمين هذه؟ اختَر جميع الإجابات المناسبة. / وظائف التطبيق
PSL_DATA_USAGE_RESPONSES:PSL_USER_INTERACTION:DATA_USAGE_SHARING_PURPOSE,PSL_ANALYTICS,,MULTIPLE_CHOICE,استخدام البيانات ومعالجتها (تفاعلات المستخدمين مع التطبيق) / لماذا تتم مشاركة بيانات المستخدمين هذه؟ اختَر جميع الإجابات المناسبة. / إحصاءات
PSL_DATA_USAGE_RESPONSES:PSL_USER_INTERACTION:DATA_USAGE_SHARING_PURPOSE,PSL_DEVELOPER_COMMUNICATIONS,,MULTIPLE_CHOICE,استخدام البيانات ومعالجتها (تفاعلات المستخدمين مع التطبيق) / لماذا تتم مشاركة بيانات المستخدمين هذه؟ اختَر جميع الإجابات المناسبة. / مراسلات المطوّر
PSL_DATA_USAGE_RESPONSES:PSL_USER_INTERACTION:DATA_USAGE_SHARING_PURPOSE,PSL_FRAUD_PREVENTION_SECURITY,,MULTIPLE_CHOICE,استخدام البيانات ومعالجتها (تفاعلات المستخدمين مع التطبيق) / لماذا تتم مشاركة بيانات المستخدمين هذه؟ اختَر جميع الإجابات المناسبة. / منع الاحتيال والأمان والامتثال
PSL_DATA_USAGE_RESPONSES:PSL_USER_INTERACTION:DATA_USAGE_SHARING_PURPOSE,PSL_ADVERTISING,,MULTIPLE_CHOICE,استخدام البيانات ومعالجتها (تفاعلات المستخدمين مع التطبيق) / لماذا تتم مشاركة بيانات المستخدمين هذه؟ اختَر جميع الإجابات المناسبة. / الإعلان أو التسويق
PSL_DATA_USAGE_RESPONSES:PSL_USER_INTERACTION:DATA_USAGE_SHARING_PURPOSE,PSL_PERSONALIZATION,,MULTIPLE_CHOICE,استخدام البيانات ومعالجتها (تفاعلات المستخدمين مع التطبيق) / لماذا تتم مشاركة بيانات المستخدمين هذه؟ اختَر جميع الإجابات المناسبة. / تخصيص
PSL_DATA_USAGE_RESPONSES:PSL_USER_INTERACTION:DATA_USAGE_SHARING_PURPOSE,PSL_ACCOUNT_MANAGEMENT,,MULTIPLE_CHOICE,استخدام البيانات ومعالجتها (تفاعلات المستخدمين مع التطبيق) / لماذا تتم مشاركة بيانات المستخدمين هذه؟ اختَر جميع الإجابات المناسبة. / إدارة الحساب
PSL_DATA_USAGE_RESPONSES:PSL_IN_APP_SEARCH_HISTORY:PSL_DATA_USAGE_COLLECTION_AND_SHARING,PSL_DATA_USAGE_ONLY_COLLECTED,,MULTIPLE_CHOICE,استخدام البيانات ومعالجتها (سجلّ البحث داخل التطبيق) / هل يتم جمع هذه البيانات أو مشاركتها أو كلاهما؟ / بيانات يتم جمعها
PSL_DATA_USAGE_RESPONSES:PSL_IN_APP_SEARCH_HISTORY:PSL_DATA_USAGE_COLLECTION_AND_SHARING,PSL_DATA_USAGE_ONLY_SHARED,,MULTIPLE_CHOICE,استخدام البيانات ومعالجتها (سجلّ البحث داخل التطبيق) / هل يتم جمع هذه البيانات أو مشاركتها أو كلاهما؟ / بيانات تتم مشاركتها
PSL_DATA_USAGE_RESPONSES:PSL_IN_APP_SEARCH_HISTORY:PSL_DATA_USAGE_EPHEMERAL,,,MAYBE_REQUIRED,استخدام البيانات ومعالجتها (سجلّ البحث داخل التطبيق) / هل تتم معالجة هذه البيانات بشكل مؤقت؟
PSL_DATA_USAGE_RESPONSES:PSL_IN_APP_SEARCH_HISTORY:DATA_USAGE_USER_CONTROL,PSL_DATA_USAGE_USER_CONTROL_OPTIONAL,,SINGLE_CHOICE,استخدام البيانات ومعالجتها (سجلّ البحث داخل التطبيق) / هل هذه البيانات مطلوبة لاستخدام تطبيقك، أو هل يمكن للمستخدمِين اختيار عدم جمعها؟ / يمكن للمستخدمِين اختيار جمع هذه البيانات أو عدم جمعها
PSL_DATA_USAGE_RESPONSES:PSL_IN_APP_SEARCH_HISTORY:DATA_USAGE_USER_CONTROL,PSL_DATA_USAGE_USER_CONTROL_REQUIRED,,SINGLE_CHOICE,استخدام البيانات ومعالجتها (سجلّ البحث داخل التطبيق) / هل هذه البيانات مطلوبة لاستخدام تطبيقك، أو هل يمكن للمستخدمِين اختيار عدم جمعها؟ / جمع البيانات مطلوب (لا يمكن للمستخدمِين إيقاف عملية جمع البيانات)
PSL_DATA_USAGE_RESPONSES:PSL_IN_APP_SEARCH_HISTORY:DATA_USAGE_COLLECTION_PURPOSE,PSL_APP_FUNCTIONALITY,,MULTIPLE_CHOICE,استخدام البيانات ومعالجتها (سجلّ البحث داخل التطبيق) / لماذا يتم جمع بيانات المستخدمين هذه؟ اختَر جميع الإجابات المناسبة. / وظائف التطبيق
PSL_DATA_USAGE_RESPONSES:PSL_IN_APP_SEARCH_HISTORY:DATA_USAGE_COLLECTION_PURPOSE,PSL_ANALYTICS,,MULTIPLE_CHOICE,استخدام البيانات ومعالجتها (سجلّ البحث داخل التطبيق) / لماذا يتم جمع بيانات المستخدمين هذه؟ اختَر جميع الإجابات المناسبة. / إحصاءات
PSL_DATA_USAGE_RESPONSES:PSL_IN_APP_SEARCH_HISTORY:DATA_USAGE_COLLECTION_PURPOSE,PSL_DEVELOPER_COMMUNICATIONS,,MULTIPLE_CHOICE,استخدام البيانات ومعالجتها (سجلّ البحث داخل التطبيق) / لماذا يتم جمع بيانات المستخدمين هذه؟ اختَر جميع الإجابات المناسبة. / مراسلات المطوّر
PSL_DATA_USAGE_RESPONSES:PSL_IN_APP_SEARCH_HISTORY:DATA_USAGE_COLLECTION_PURPOSE,PSL_FRAUD_PREVENTION_SECURITY,,MULTIPLE_CHOICE,استخدام البيانات ومعالجتها (سجلّ البحث داخل التطبيق) / لماذا يتم جمع بيانات المستخدمين هذه؟ اختَر جميع الإجابات المناسبة. / منع الاحتيال والأمان والامتثال
PSL_DATA_USAGE_RESPONSES:PSL_IN_APP_SEARCH_HISTORY:DATA_USAGE_COLLECTION_PURPOSE,PSL_ADVERTISING,,MULTIPLE_CHOICE,استخدام البيانات ومعالجتها (سجلّ البحث داخل التطبيق) / لماذا يتم جمع بيانات المستخدمين هذه؟ اختَر جميع الإجابات المناسبة. / الإعلان أو التسويق
PSL_DATA_USAGE_RESPONSES:PSL_IN_APP_SEARCH_HISTORY:DATA_USAGE_COLLECTION_PURPOSE,PSL_PERSONALIZATION,,MULTIPLE_CHOICE,استخدام البيانات ومعالجتها (سجلّ البحث داخل التطبيق) / لماذا يتم جمع بيانات المستخدمين هذه؟ اختَر جميع الإجابات المناسبة. / تخصيص
PSL_DATA_USAGE_RESPONSES:PSL_IN_APP_SEARCH_HISTORY:DATA_USAGE_COLLECTION_PURPOSE,PSL_ACCOUNT_MANAGEMENT,,MULTIPLE_CHOICE,استخدام البيانات ومعالجتها (سجلّ البحث داخل التطبيق) / لماذا يتم جمع بيانات المستخدمين هذه؟ اختَر جميع الإجابات المناسبة. / إدارة الحساب
PSL_DATA_USAGE_RESPONSES:PSL_IN_APP_SEARCH_HISTORY:DATA_USAGE_SHARING_PURPOSE,PSL_APP_FUNCTIONALITY,,MULTIPLE_CHOICE,استخدام البيانات ومعالجتها (سجلّ البحث داخل التطبيق) / لماذا تتم مشاركة بيانات المستخدمين هذه؟ اختَر جميع الإجابات المناسبة. / وظائف التطبيق
PSL_DATA_USAGE_RESPONSES:PSL_IN_APP_SEARCH_HISTORY:DATA_USAGE_SHARING_PURPOSE,PSL_ANALYTICS,,MULTIPLE_CHOICE,استخدام البيانات ومعالجتها (سجلّ البحث داخل التطبيق) / لماذا تتم مشاركة بيانات المستخدمين هذه؟ اختَر جميع الإجابات المناسبة. / إحصاءات
PSL_DATA_USAGE_RESPONSES:PSL_IN_APP_SEARCH_HISTORY:DATA_USAGE_SHARING_PURPOSE,PSL_DEVELOPER_COMMUNICATIONS,,MULTIPLE_CHOICE,استخدام البيانات ومعالجتها (سجلّ البحث داخل التطبيق) / لماذا تتم مشاركة بيانات المستخدمين هذه؟ اختَر جميع الإجابات المناسبة. / مراسلات المطوّر
PSL_DATA_USAGE_RESPONSES:PSL_IN_APP_SEARCH_HISTORY:DATA_USAGE_SHARING_PURPOSE,PSL_FRAUD_PREVENTION_SECURITY,,MULTIPLE_CHOICE,استخدام البيانات ومعالجتها (سجلّ البحث داخل التطبيق) / لماذا تتم مشاركة بيانات المستخدمين هذه؟ اختَر جميع الإجابات المناسبة. / منع الاحتيال والأمان والامتثال
PSL_DATA_USAGE_RESPONSES:PSL_IN_APP_SEARCH_HISTORY:DATA_USAGE_SHARING_PURPOSE,PSL_ADVERTISING,,MULTIPLE_CHOICE,استخدام البيانات ومعالجتها (سجلّ البحث داخل التطبيق) / لماذا تتم مشاركة بيانات المستخدمين هذه؟ اختَر جميع الإجابات المناسبة. / الإعلان أو التسويق
PSL_DATA_USAGE_RESPONSES:PSL_IN_APP_SEARCH_HISTORY:DATA_USAGE_SHARING_PURPOSE,PSL_PERSONALIZATION,,MULTIPLE_CHOICE,استخدام البيانات ومعالجتها (سجلّ البحث داخل التطبيق) / لماذا تتم مشاركة بيانات المستخدمين هذه؟ اختَر جميع الإجابات المناسبة. / تخصيص
PSL_DATA_USAGE_RESPONSES:PSL_IN_APP_SEARCH_HISTORY:DATA_USAGE_SHARING_PURPOSE,PSL_ACCOUNT_MANAGEMENT,,MULTIPLE_CHOICE,استخدام البيانات ومعالجتها (سجلّ البحث داخل التطبيق) / لماذا تتم مشاركة بيانات المستخدمين هذه؟ اختَر جميع الإجابات المناسبة. / إدارة الحساب
PSL_DATA_USAGE_RESPONSES:PSL_APPS_ON_DEVICE:PSL_DATA_USAGE_COLLECTION_AND_SHARING,PSL_DATA_USAGE_ONLY_COLLECTED,,MULTIPLE_CHOICE,استخدام البيانات ومعالجتها (التطبيقات المثبّتة) / هل يتم جمع هذه البيانات أو مشاركتها أو كلاهما؟ / بيانات يتم جمعها
PSL_DATA_USAGE_RESPONSES:PSL_APPS_ON_DEVICE:PSL_DATA_USAGE_COLLECTION_AND_SHARING,PSL_DATA_USAGE_ONLY_SHARED,,MULTIPLE_CHOICE,استخدام البيانات ومعالجتها (التطبيقات المثبّتة) / هل يتم جمع هذه البيانات أو مشاركتها أو كلاهما؟ / بيانات تتم مشاركتها
PSL_DATA_USAGE_RESPONSES:PSL_APPS_ON_DEVICE:PSL_DATA_USAGE_EPHEMERAL,,,MAYBE_REQUIRED,استخدام البيانات ومعالجتها (التطبيقات المثبّتة) / هل تتم معالجة هذه البيانات بشكل مؤقت؟
PSL_DATA_USAGE_RESPONSES:PSL_APPS_ON_DEVICE:DATA_USAGE_USER_CONTROL,PSL_DATA_USAGE_USER_CONTROL_OPTIONAL,,SINGLE_CHOICE,استخدام البيانات ومعالجتها (التطبيقات المثبّتة) / هل هذه البيانات مطلوبة لاستخدام تطبيقك، أو هل يمكن للمستخدمِين اختيار عدم جمعها؟ / يمكن للمستخدمِين اختيار جمع هذه البيانات أو عدم جمعها
PSL_DATA_USAGE_RESPONSES:PSL_APPS_ON_DEVICE:DATA_USAGE_USER_CONTROL,PSL_DATA_USAGE_USER_CONTROL_REQUIRED,,SINGLE_CHOICE,استخدام البيانات ومعالجتها (التطبيقات المثبّتة) / هل هذه البيانات مطلوبة لاستخدام تطبيقك، أو هل يمكن للمستخدمِين اختيار عدم جمعها؟ / جمع البيانات مطلوب (لا يمكن للمستخدمِين إيقاف عملية جمع البيانات)
PSL_DATA_USAGE_RESPONSES:PSL_APPS_ON_DEVICE:DATA_USAGE_COLLECTION_PURPOSE,PSL_APP_FUNCTIONALITY,,MULTIPLE_CHOICE,استخدام البيانات ومعالجتها (التطبيقات المثبّتة) / لماذا يتم جمع بيانات المستخدمين هذه؟ اختَر جميع الإجابات المناسبة. / وظائف التطبيق
PSL_DATA_USAGE_RESPONSES:PSL_APPS_ON_DEVICE:DATA_USAGE_COLLECTION_PURPOSE,PSL_ANALYTICS,,MULTIPLE_CHOICE,استخدام البيانات ومعالجتها (التطبيقات المثبّتة) / لماذا يتم جمع بيانات المستخدمين هذه؟ اختَر جميع الإجابات المناسبة. / إحصاءات
PSL_DATA_USAGE_RESPONSES:PSL_APPS_ON_DEVICE:DATA_USAGE_COLLECTION_PURPOSE,PSL_DEVELOPER_COMMUNICATIONS,,MULTIPLE_CHOICE,استخدام البيانات ومعالجتها (التطبيقات المثبّتة) / لماذا يتم جمع بيانات المستخدمين هذه؟ اختَر جميع الإجابات المناسبة. / مراسلات المطوّر
PSL_DATA_USAGE_RESPONSES:PSL_APPS_ON_DEVICE:DATA_USAGE_COLLECTION_PURPOSE,PSL_FRAUD_PREVENTION_SECURITY,,MULTIPLE_CHOICE,استخدام البيانات ومعالجتها (التطبيقات المثبّتة) / لماذا يتم جمع بيانات المستخدمين هذه؟ اختَر جميع الإجابات المناسبة. / منع الاحتيال والأمان والامتثال
PSL_DATA_USAGE_RESPONSES:PSL_APPS_ON_DEVICE:DATA_USAGE_COLLECTION_PURPOSE,PSL_ADVERTISING,,MULTIPLE_CHOICE,استخدام البيانات ومعالجتها (التطبيقات المثبّتة) / لماذا يتم جمع بيانات المستخدمين هذه؟ اختَر جميع الإجابات المناسبة. / الإعلان أو التسويق
PSL_DATA_USAGE_RESPONSES:PSL_APPS_ON_DEVICE:DATA_USAGE_COLLECTION_PURPOSE,PSL_PERSONALIZATION,,MULTIPLE_CHOICE,استخدام البيانات ومعالجتها (التطبيقات المثبّتة) / لماذا يتم جمع بيانات المستخدمين هذه؟ اختَر جميع الإجابات المناسبة. / تخصيص
PSL_DATA_USAGE_RESPONSES:PSL_APPS_ON_DEVICE:DATA_USAGE_COLLECTION_PURPOSE,PSL_ACCOUNT_MANAGEMENT,,MULTIPLE_CHOICE,استخدام البيانات ومعالجتها (التطبيقات المثبّتة) / لماذا يتم جمع بيانات المستخدمين هذه؟ اختَر جميع الإجابات المناسبة. / إدارة الحساب
PSL_DATA_USAGE_RESPONSES:PSL_APPS_ON_DEVICE:DATA_USAGE_SHARING_PURPOSE,PSL_APP_FUNCTIONALITY,,MULTIPLE_CHOICE,استخدام البيانات ومعالجتها (التطبيقات المثبّتة) / لماذا تتم مشاركة بيانات المستخدمين هذه؟ اختَر جميع الإجابات المناسبة. / وظائف التطبيق
PSL_DATA_USAGE_RESPONSES:PSL_APPS_ON_DEVICE:DATA_USAGE_SHARING_PURPOSE,PSL_ANALYTICS,,MULTIPLE_CHOICE,استخدام البيانات ومعالجتها (التطبيقات المثبّتة) / لماذا تتم مشاركة بيانات المستخدمين هذه؟ اختَر جميع الإجابات المناسبة. / إحصاءات
PSL_DATA_USAGE_RESPONSES:PSL_APPS_ON_DEVICE:DATA_USAGE_SHARING_PURPOSE,PSL_DEVELOPER_COMMUNICATIONS,,MULTIPLE_CHOICE,استخدام البيانات ومعالجتها (التطبيقات المثبّتة) / لماذا تتم مشاركة بيانات المستخدمين هذه؟ اختَر جميع الإجابات المناسبة. / مراسلات المطوّر
PSL_DATA_USAGE_RESPONSES:PSL_APPS_ON_DEVICE:DATA_USAGE_SHARING_PURPOSE,PSL_FRAUD_PREVENTION_SECURITY,,MULTIPLE_CHOICE,استخدام البيانات ومعالجتها (التطبيقات المثبّتة) / لماذا تتم مشاركة بيانات المستخدمين هذه؟ اختَر جميع الإجابات المناسبة. / منع الاحتيال والأمان والامتثال
PSL_DATA_USAGE_RESPONSES:PSL_APPS_ON_DEVICE:DATA_USAGE_SHARING_PURPOSE,PSL_ADVERTISING,,MULTIPLE_CHOICE,استخدام البيانات ومعالجتها (التطبيقات المثبّتة) / لماذا تتم مشاركة بيانات المستخدمين هذه؟ اختَر جميع الإجابات المناسبة. / الإعلان أو التسويق
PSL_DATA_USAGE_RESPONSES:PSL_APPS_ON_DEVICE:DATA_USAGE_SHARING_PURPOSE,PSL_PERSONALIZATION,,MULTIPLE_CHOICE,استخدام البيانات ومعالجتها (التطبيقات المثبّتة) / لماذا تتم مشاركة بيانات المستخدمين هذه؟ اختَر جميع الإجابات المناسبة. / تخصيص
PSL_DATA_USAGE_RESPONSES:PSL_APPS_ON_DEVICE:DATA_USAGE_SHARING_PURPOSE,PSL_ACCOUNT_MANAGEMENT,,MULTIPLE_CHOICE,استخدام البيانات ومعالجتها (التطبيقات المثبّتة) / لماذا تتم مشاركة بيانات المستخدمين هذه؟ اختَر جميع الإجابات المناسبة. / إدارة الحساب
PSL_DATA_USAGE_RESPONSES:PSL_USER_GENERATED_CONTENT:PSL_DATA_USAGE_COLLECTION_AND_SHARING,PSL_DATA_USAGE_ONLY_COLLECTED,,MULTIPLE_CHOICE,استخدام البيانات ومعالجتها (أي محتوى آخر من إنشاء المستخدمين) / هل يتم جمع هذه البيانات أو مشاركتها أو كلاهما؟ / بيانات يتم جمعها
PSL_DATA_USAGE_RESPONSES:PSL_USER_GENERATED_CONTENT:PSL_DATA_USAGE_COLLECTION_AND_SHARING,PSL_DATA_USAGE_ONLY_SHARED,,MULTIPLE_CHOICE,استخدام البيانات ومعالجتها (أي محتوى آخر من إنشاء المستخدمين) / هل يتم جمع هذه البيانات أو مشاركتها أو كلاهما؟ / بيانات تتم مشاركتها
PSL_DATA_USAGE_RESPONSES:PSL_USER_GENERATED_CONTENT:PSL_DATA_USAGE_EPHEMERAL,,,MAYBE_REQUIRED,استخدام البيانات ومعالجتها (أي محتوى آخر من إنشاء المستخدمين) / هل تتم معالجة هذه البيانات بشكل مؤقت؟
PSL_DATA_USAGE_RESPONSES:PSL_USER_GENERATED_CONTENT:DATA_USAGE_USER_CONTROL,PSL_DATA_USAGE_USER_CONTROL_OPTIONAL,,SINGLE_CHOICE,استخدام البيانات ومعالجتها (أي محتوى آخر من إنشاء المستخدمين) / هل هذه البيانات مطلوبة لاستخدام تطبيقك، أو هل يمكن للمستخدمِين اختيار عدم جمعها؟ / يمكن للمستخدمِين اختيار جمع هذه البيانات أو عدم جمعها
PSL_DATA_USAGE_RESPONSES:PSL_USER_GENERATED_CONTENT:DATA_USAGE_USER_CONTROL,PSL_DATA_USAGE_USER_CONTROL_REQUIRED,,SINGLE_CHOICE,استخدام البيانات ومعالجتها (أي محتوى آخر من إنشاء المستخدمين) / هل هذه البيانات مطلوبة لاستخدام تطبيقك، أو هل يمكن للمستخدمِين اختيار عدم جمعها؟ / جمع البيانات مطلوب (لا يمكن للمستخدمِين إيقاف عملية جمع البيانات)
PSL_DATA_USAGE_RESPONSES:PSL_USER_GENERATED_CONTENT:DATA_USAGE_COLLECTION_PURPOSE,PSL_APP_FUNCTIONALITY,,MULTIPLE_CHOICE,استخدام البيانات ومعالجتها (أي محتوى آخر من إنشاء المستخدمين) / لماذا يتم جمع بيانات المستخدمين هذه؟ اختَر جميع الإجابات المناسبة. / وظائف التطبيق
PSL_DATA_USAGE_RESPONSES:PSL_USER_GENERATED_CONTENT:DATA_USAGE_COLLECTION_PURPOSE,PSL_ANALYTICS,,MULTIPLE_CHOICE,استخدام البيانات ومعالجتها (أي محتوى آخر من إنشاء المستخدمين) / لماذا يتم جمع بيانات المستخدمين هذه؟ اختَر جميع الإجابات المناسبة. / إحصاءات
PSL_DATA_USAGE_RESPONSES:PSL_USER_GENERATED_CONTENT:DATA_USAGE_COLLECTION_PURPOSE,PSL_DEVELOPER_COMMUNICATIONS,,MULTIPLE_CHOICE,استخدام البيانات ومعالجتها (أي محتوى آخر من إنشاء المستخدمين) / لماذا يتم جمع بيانات المستخدمين هذه؟ اختَر جميع الإجابات المناسبة. / مراسلات المطوّر
PSL_DATA_USAGE_RESPONSES:PSL_USER_GENERATED_CONTENT:DATA_USAGE_COLLECTION_PURPOSE,PSL_FRAUD_PREVENTION_SECURITY,,MULTIPLE_CHOICE,استخدام البيانات ومعالجتها (أي محتوى آخر من إنشاء المستخدمين) / لماذا يتم جمع بيانات المستخدمين هذه؟ اختَر جميع الإجابات المناسبة. / منع الاحتيال والأمان والامتثال
PSL_DATA_USAGE_RESPONSES:PSL_USER_GENERATED_CONTENT:DATA_USAGE_COLLECTION_PURPOSE,PSL_ADVERTISING,,MULTIPLE_CHOICE,استخدام البيانات ومعالجتها (أي محتوى آخر من إنشاء المستخدمين) / لماذا يتم جمع بيانات المستخدمين هذه؟ اختَر جميع الإجابات المناسبة. / الإعلان أو التسويق
PSL_DATA_USAGE_RESPONSES:PSL_USER_GENERATED_CONTENT:DATA_USAGE_COLLECTION_PURPOSE,PSL_PERSONALIZATION,,MULTIPLE_CHOICE,استخدام البيانات ومعالجتها (أي محتوى آخر من إنشاء المستخدمين) / لماذا يتم جمع بيانات المستخدمين هذه؟ اختَر جميع الإجابات المناسبة. / تخصيص
PSL_DATA_USAGE_RESPONSES:PSL_USER_GENERATED_CONTENT:DATA_USAGE_COLLECTION_PURPOSE,PSL_ACCOUNT_MANAGEMENT,,MULTIPLE_CHOICE,استخدام البيانات ومعالجتها (أي محتوى آخر من إنشاء المستخدمين) / لماذا يتم جمع بيانات المستخدمين هذه؟ اختَر جميع الإجابات المناسبة. / إدارة الحساب
PSL_DATA_USAGE_RESPONSES:PSL_USER_GENERATED_CONTENT:DATA_USAGE_SHARING_PURPOSE,PSL_APP_FUNCTIONALITY,,MULTIPLE_CHOICE,استخدام البيانات ومعالجتها (أي محتوى آخر من إنشاء المستخدمين) / لماذا تتم مشاركة بيانات المستخدمين هذه؟ اختَر جميع الإجابات المناسبة. / وظائف التطبيق
PSL_DATA_USAGE_RESPONSES:PSL_USER_GENERATED_CONTENT:DATA_USAGE_SHARING_PURPOSE,PSL_ANALYTICS,,MULTIPLE_CHOICE,استخدام البيانات ومعالجتها (أي محتوى آخر من إنشاء المستخدمين) / لماذا تتم مشاركة بيانات المستخدمين هذه؟ اختَر جميع الإجابات المناسبة. / إحصاءات
PSL_DATA_USAGE_RESPONSES:PSL_USER_GENERATED_CONTENT:DATA_USAGE_SHARING_PURPOSE,PSL_DEVELOPER_COMMUNICATIONS,,MULTIPLE_CHOICE,استخدام البيانات ومعالجتها (أي محتوى آخر من إنشاء المستخدمين) / لماذا تتم مشاركة بيانات المستخدمين هذه؟ اختَر جميع الإجابات المناسبة. / مراسلات المطوّر
PSL_DATA_USAGE_RESPONSES:PSL_USER_GENERATED_CONTENT:DATA_USAGE_SHARING_PURPOSE,PSL_FRAUD_PREVENTION_SECURITY,,MULTIPLE_CHOICE,استخدام البيانات ومعالجتها (أي محتوى آخر من إنشاء المستخدمين) / لماذا تتم مشاركة بيانات المستخدمين هذه؟ اختَر جميع الإجابات المناسبة. / منع الاحتيال والأمان والامتثال
PSL_DATA_USAGE_RESPONSES:PSL_USER_GENERATED_CONTENT:DATA_USAGE_SHARING_PURPOSE,PSL_ADVERTISING,,MULTIPLE_CHOICE,استخدام البيانات ومعالجتها (أي محتوى آخر من إنشاء المستخدمين) / لماذا تتم مشاركة بيانات المستخدمين هذه؟ اختَر جميع الإجابات المناسبة. / الإعلان أو التسويق
PSL_DATA_USAGE_RESPONSES:PSL_USER_GENERATED_CONTENT:DATA_USAGE_SHARING_PURPOSE,PSL_PERSONALIZATION,,MULTIPLE_CHOICE,استخدام البيانات ومعالجتها (أي محتوى آخر من إنشاء المستخدمين) / لماذا تتم مشاركة بيانات المستخدمين هذه؟ اختَر جميع الإجابات المناسبة. / تخصيص
PSL_DATA_USAGE_RESPONSES:PSL_USER_GENERATED_CONTENT:DATA_USAGE_SHARING_PURPOSE,PSL_ACCOUNT_MANAGEMENT,,MULTIPLE_CHOICE,استخدام البيانات ومعالجتها (أي محتوى آخر من إنشاء المستخدمين) / لماذا تتم مشاركة بيانات المستخدمين هذه؟ اختَر جميع الإجابات المناسبة. / إدارة الحساب
PSL_DATA_USAGE_RESPONSES:PSL_OTHER_APP_ACTIVITY:PSL_DATA_USAGE_COLLECTION_AND_SHARING,PSL_DATA_USAGE_ONLY_COLLECTED,,MULTIPLE_CHOICE,استخدام البيانات ومعالجتها (الإجراءات الأخرى) / هل يتم جمع هذه البيانات أو مشاركتها أو كلاهما؟ / بيانات يتم جمعها
PSL_DATA_USAGE_RESPONSES:PSL_OTHER_APP_ACTIVITY:PSL_DATA_USAGE_COLLECTION_AND_SHARING,PSL_DATA_USAGE_ONLY_SHARED,,MULTIPLE_CHOICE,استخدام البيانات ومعالجتها (الإجراءات الأخرى) / هل يتم جمع هذه البيانات أو مشاركتها أو كلاهما؟ / بيانات تتم مشاركتها
PSL_DATA_USAGE_RESPONSES:PSL_OTHER_APP_ACTIVITY:PSL_DATA_USAGE_EPHEMERAL,,,MAYBE_REQUIRED,استخدام البيانات ومعالجتها (الإجراءات الأخرى) / هل تتم معالجة هذه البيانات بشكل مؤقت؟
PSL_DATA_USAGE_RESPONSES:PSL_OTHER_APP_ACTIVITY:DATA_USAGE_USER_CONTROL,PSL_DATA_USAGE_USER_CONTROL_OPTIONAL,,SINGLE_CHOICE,استخدام البيانات ومعالجتها (الإجراءات الأخرى) / هل هذه البيانات مطلوبة لاستخدام تطبيقك، أو هل يمكن للمستخدمِين اختيار عدم جمعها؟ / يمكن للمستخدمِين اختيار جمع هذه البيانات أو عدم جمعها
PSL_DATA_USAGE_RESPONSES:PSL_OTHER_APP_ACTIVITY:DATA_USAGE_USER_CONTROL,PSL_DATA_USAGE_USER_CONTROL_REQUIRED,,SINGLE_CHOICE,استخدام البيانات ومعالجتها (الإجراءات الأخرى) / هل هذه البيانات مطلوبة لاستخدام تطبيقك، أو هل يمكن للمستخدمِين اختيار عدم جمعها؟ / جمع البيانات مطلوب (لا يمكن للمستخدمِين إيقاف عملية جمع البيانات)
PSL_DATA_USAGE_RESPONSES:PSL_OTHER_APP_ACTIVITY:DATA_USAGE_COLLECTION_PURPOSE,PSL_APP_FUNCTIONALITY,,MULTIPLE_CHOICE,استخدام البيانات ومعالجتها (الإجراءات الأخرى) / لماذا يتم جمع بيانات المستخدمين هذه؟ اختَر جميع الإجابات المناسبة. / وظائف التطبيق
PSL_DATA_USAGE_RESPONSES:PSL_OTHER_APP_ACTIVITY:DATA_USAGE_COLLECTION_PURPOSE,PSL_ANALYTICS,,MULTIPLE_CHOICE,استخدام البيانات ومعالجتها (الإجراءات الأخرى) / لماذا يتم جمع بيانات المستخدمين هذه؟ اختَر جميع الإجابات المناسبة. / إحصاءات
PSL_DATA_USAGE_RESPONSES:PSL_OTHER_APP_ACTIVITY:DATA_USAGE_COLLECTION_PURPOSE,PSL_DEVELOPER_COMMUNICATIONS,,MULTIPLE_CHOICE,استخدام البيانات ومعالجتها (الإجراءات الأخرى) / لماذا يتم جمع بيانات المستخدمين هذه؟ اختَر جميع الإجابات المناسبة. / مراسلات المطوّر
PSL_DATA_USAGE_RESPONSES:PSL_OTHER_APP_ACTIVITY:DATA_USAGE_COLLECTION_PURPOSE,PSL_FRAUD_PREVENTION_SECURITY,,MULTIPLE_CHOICE,استخدام البيانات ومعالجتها (الإجراءات الأخرى) / لماذا يتم جمع بيانات المستخدمين هذه؟ اختَر جميع الإجابات المناسبة. / منع الاحتيال والأمان والامتثال
PSL_DATA_USAGE_RESPONSES:PSL_OTHER_APP_ACTIVITY:DATA_USAGE_COLLECTION_PURPOSE,PSL_ADVERTISING,,MULTIPLE_CHOICE,استخدام البيانات ومعالجتها (الإجراءات الأخرى) / لماذا يتم جمع بيانات المستخدمين هذه؟ اختَر جميع الإجابات المناسبة. / الإعلان أو التسويق
PSL_DATA_USAGE_RESPONSES:PSL_OTHER_APP_ACTIVITY:DATA_USAGE_COLLECTION_PURPOSE,PSL_PERSONALIZATION,,MULTIPLE_CHOICE,استخدام البيانات ومعالجتها (الإجراءات الأخرى) / لماذا يتم جمع بيانات المستخدمين هذه؟ اختَر جميع الإجابات المناسبة. / تخصيص
PSL_DATA_USAGE_RESPONSES:PSL_OTHER_APP_ACTIVITY:DATA_USAGE_COLLECTION_PURPOSE,PSL_ACCOUNT_MANAGEMENT,,MULTIPLE_CHOICE,استخدام البيانات ومعالجتها (الإجراءات الأخرى) / لماذا يتم جمع بيانات المستخدمين هذه؟ اختَر جميع الإجابات المناسبة. / إدارة الحساب
PSL_DATA_USAGE_RESPONSES:PSL_OTHER_APP_ACTIVITY:DATA_USAGE_SHARING_PURPOSE,PSL_APP_FUNCTIONALITY,,MULTIPLE_CHOICE,استخدام البيانات ومعالجتها (الإجراءات الأخرى) / لماذا تتم مشاركة بيانات المستخدمين هذه؟ اختَر جميع الإجابات المناسبة. / وظائف التطبيق
PSL_DATA_USAGE_RESPONSES:PSL_OTHER_APP_ACTIVITY:DATA_USAGE_SHARING_PURPOSE,PSL_ANALYTICS,,MULTIPLE_CHOICE,استخدام البيانات ومعالجتها (الإجراءات الأخرى) / لماذا تتم مشاركة بيانات المستخدمين هذه؟ اختَر جميع الإجابات المناسبة. / إحصاءات
PSL_DATA_USAGE_RESPONSES:PSL_OTHER_APP_ACTIVITY:DATA_USAGE_SHARING_PURPOSE,PSL_DEVELOPER_COMMUNICATIONS,,MULTIPLE_CHOICE,استخدام البيانات ومعالجتها (الإجراءات الأخرى) / لماذا تتم مشاركة بيانات المستخدمين هذه؟ اختَر جميع الإجابات المناسبة. / مراسلات المطوّر
PSL_DATA_USAGE_RESPONSES:PSL_OTHER_APP_ACTIVITY:DATA_USAGE_SHARING_PURPOSE,PSL_FRAUD_PREVENTION_SECURITY,,MULTIPLE_CHOICE,استخدام البيانات ومعالجتها (الإجراءات الأخرى) / لماذا تتم مشاركة بيانات المستخدمين هذه؟ اختَر جميع الإجابات المناسبة. / منع الاحتيال والأمان والامتثال
PSL_DATA_USAGE_RESPONSES:PSL_OTHER_APP_ACTIVITY:DATA_USAGE_SHARING_PURPOSE,PSL_ADVERTISING,,MULTIPLE_CHOICE,استخدام البيانات ومعالجتها (الإجراءات الأخرى) / لماذا تتم مشاركة بيانات المستخدمين هذه؟ اختَر جميع الإجابات المناسبة. / الإعلان أو التسويق
PSL_DATA_USAGE_RESPONSES:PSL_OTHER_APP_ACTIVITY:DATA_USAGE_SHARING_PURPOSE,PSL_PERSONALIZATION,,MULTIPLE_CHOICE,استخدام البيانات ومعالجتها (الإجراءات الأخرى) / لماذا تتم مشاركة بيانات المستخدمين هذه؟ اختَر جميع الإجابات المناسبة. / تخصيص
PSL_DATA_USAGE_RESPONSES:PSL_OTHER_APP_ACTIVITY:DATA_USAGE_SHARING_PURPOSE,PSL_ACCOUNT_MANAGEMENT,,MULTIPLE_CHOICE,استخدام البيانات ومعالجتها (الإجراءات الأخرى) / لماذا تتم مشاركة بيانات المستخدمين هذه؟ اختَر جميع الإجابات المناسبة. / إدارة الحساب
PSL_DATA_USAGE_RESPONSES:PSL_DEVICE_ID:PSL_DATA_USAGE_COLLECTION_AND_SHARING,PSL_DATA_USAGE_ONLY_COLLECTED,,MULTIPLE_CHOICE,استخدام البيانات ومعالجتها (الجهاز أو أرقام التعريف الأخرى) / هل يتم جمع هذه البيانات أو مشاركتها أو كلاهما؟ / بيانات يتم جمعها
PSL_DATA_USAGE_RESPONSES:PSL_DEVICE_ID:PSL_DATA_USAGE_COLLECTION_AND_SHARING,PSL_DATA_USAGE_ONLY_SHARED,,MULTIPLE_CHOICE,استخدام البيانات ومعالجتها (الجهاز أو أرقام التعريف الأخرى) / هل يتم جمع هذه البيانات أو مشاركتها أو كلاهما؟ / بيانات تتم مشاركتها
PSL_DATA_USAGE_RESPONSES:PSL_DEVICE_ID:PSL_DATA_USAGE_EPHEMERAL,,,MAYBE_REQUIRED,استخدام البيانات ومعالجتها (الجهاز أو أرقام التعريف الأخرى) / هل تتم معالجة هذه البيانات بشكل مؤقت؟
PSL_DATA_USAGE_RESPONSES:PSL_DEVICE_ID:DATA_USAGE_USER_CONTROL,PSL_DATA_USAGE_USER_CONTROL_OPTIONAL,,SINGLE_CHOICE,استخدام البيانات ومعالجتها (الجهاز أو أرقام التعريف الأخرى) / هل هذه البيانات مطلوبة لاستخدام تطبيقك، أو هل يمكن للمستخدمِين اختيار عدم جمعها؟ / يمكن للمستخدمِين اختيار جمع هذه البيانات أو عدم جمعها
PSL_DATA_USAGE_RESPONSES:PSL_DEVICE_ID:DATA_USAGE_USER_CONTROL,PSL_DATA_USAGE_USER_CONTROL_REQUIRED,,SINGLE_CHOICE,استخدام البيانات ومعالجتها (الجهاز أو أرقام التعريف الأخرى) / هل هذه البيانات مطلوبة لاستخدام تطبيقك، أو هل يمكن للمستخدمِين اختيار عدم جمعها؟ / جمع البيانات مطلوب (لا يمكن للمستخدمِين إيقاف عملية جمع البيانات)
PSL_DATA_USAGE_RESPONSES:PSL_DEVICE_ID:DATA_USAGE_COLLECTION_PURPOSE,PSL_APP_FUNCTIONALITY,,MULTIPLE_CHOICE,استخدام البيانات ومعالجتها (الجهاز أو أرقام التعريف الأخرى) / لماذا يتم جمع بيانات المستخدمين هذه؟ اختَر جميع الإجابات المناسبة. / وظائف التطبيق
PSL_DATA_USAGE_RESPONSES:PSL_DEVICE_ID:DATA_USAGE_COLLECTION_PURPOSE,PSL_ANALYTICS,,MULTIPLE_CHOICE,استخدام البيانات ومعالجتها (الجهاز أو أرقام التعريف الأخرى) / لماذا يتم جمع بيانات المستخدمين هذه؟ اختَر جميع الإجابات المناسبة. / إحصاءات
PSL_DATA_USAGE_RESPONSES:PSL_DEVICE_ID:DATA_USAGE_COLLECTION_PURPOSE,PSL_DEVELOPER_COMMUNICATIONS,,MULTIPLE_CHOICE,استخدام البيانات ومعالجتها (الجهاز أو أرقام التعريف الأخرى) / لماذا يتم جمع بيانات المستخدمين هذه؟ اختَر جميع الإجابات المناسبة. / مراسلات المطوّر
PSL_DATA_USAGE_RESPONSES:PSL_DEVICE_ID:DATA_USAGE_COLLECTION_PURPOSE,PSL_FRAUD_PREVENTION_SECURITY,,MULTIPLE_CHOICE,استخدام البيانات ومعالجتها (الجهاز أو أرقام التعريف الأخرى) / لماذا يتم جمع بيانات المستخدمين هذه؟ اختَر جميع الإجابات المناسبة. / منع الاحتيال والأمان والامتثال
PSL_DATA_USAGE_RESPONSES:PSL_DEVICE_ID:DATA_USAGE_COLLECTION_PURPOSE,PSL_ADVERTISING,,MULTIPLE_CHOICE,استخدام البيانات ومعالجتها (الجهاز أو أرقام التعريف الأخرى) / لماذا يتم جمع بيانات المستخدمين هذه؟ اختَر جميع الإجابات المناسبة. / الإعلان أو التسويق
PSL_DATA_USAGE_RESPONSES:PSL_DEVICE_ID:DATA_USAGE_COLLECTION_PURPOSE,PSL_PERSONALIZATION,,MULTIPLE_CHOICE,استخدام البيانات ومعالجتها (الجهاز أو أرقام التعريف الأخرى) / لماذا يتم جمع بيانات المستخدمين هذه؟ اختَر جميع الإجابات المناسبة. / تخصيص
PSL_DATA_USAGE_RESPONSES:PSL_DEVICE_ID:DATA_USAGE_COLLECTION_PURPOSE,PSL_ACCOUNT_MANAGEMENT,,MULTIPLE_CHOICE,استخدام البيانات ومعالجتها (الجهاز أو أرقام التعريف الأخرى) / لماذا يتم جمع بيانات المستخدمين هذه؟ اختَر جميع الإجابات المناسبة. / إدارة الحساب
PSL_DATA_USAGE_RESPONSES:PSL_DEVICE_ID:DATA_USAGE_SHARING_PURPOSE,PSL_APP_FUNCTIONALITY,,MULTIPLE_CHOICE,استخدام البيانات ومعالجتها (الجهاز أو أرقام التعريف الأخرى) / لماذا تتم مشاركة بيانات المستخدمين هذه؟ اختَر جميع الإجابات المناسبة. / وظائف التطبيق
PSL_DATA_USAGE_RESPONSES:PSL_DEVICE_ID:DATA_USAGE_SHARING_PURPOSE,PSL_ANALYTICS,,MULTIPLE_CHOICE,استخدام البيانات ومعالجتها (الجهاز أو أرقام التعريف الأخرى) / لماذا تتم مشاركة بيانات المستخدمين هذه؟ اختَر جميع الإجابات المناسبة. / إحصاءات
PSL_DATA_USAGE_RESPONSES:PSL_DEVICE_ID:DATA_USAGE_SHARING_PURPOSE,PSL_DEVELOPER_COMMUNICATIONS,,MULTIPLE_CHOICE,استخدام البيانات ومعالجتها (الجهاز أو أرقام التعريف الأخرى) / لماذا تتم مشاركة بيانات المستخدمين هذه؟ اختَر جميع الإجابات المناسبة. / مراسلات المطوّر
PSL_DATA_USAGE_RESPONSES:PSL_DEVICE_ID:DATA_USAGE_SHARING_PURPOSE,PSL_FRAUD_PREVENTION_SECURITY,,MULTIPLE_CHOICE,استخدام البيانات ومعالجتها (الجهاز أو أرقام التعريف الأخرى) / لماذا تتم مشاركة بيانات المستخدمين هذه؟ اختَر جميع الإجابات المناسبة. / منع الاحتيال والأمان والامتثال
PSL_DATA_USAGE_RESPONSES:PSL_DEVICE_ID:DATA_USAGE_SHARING_PURPOSE,PSL_ADVERTISING,,MULTIPLE_CHOICE,استخدام البيانات ومعالجتها (الجهاز أو أرقام التعريف الأخرى) / لماذا تتم مشاركة بيانات المستخدمين هذه؟ اختَر جميع الإجابات المناسبة. / الإعلان أو التسويق
PSL_DATA_USAGE_RESPONSES:PSL_DEVICE_ID:DATA_USAGE_SHARING_PURPOSE,PSL_PERSONALIZATION,,MULTIPLE_CHOICE,استخدام البيانات ومعالجتها (الجهاز أو أرقام التعريف الأخرى) / لماذا تتم مشاركة بيانات المستخدمين هذه؟ اختَر جميع الإجابات المناسبة. / تخصيص
PSL_DATA_USAGE_RESPONSES:PSL_DEVICE_ID:DATA_USAGE_SHARING_PURPOSE,PSL_ACCOUNT_MANAGEMENT,,MULTIPLE_CHOICE,استخدام البيانات ومعالجتها (الجهاز أو أرقام التعريف الأخرى) / لماذا تتم مشاركة بيانات المستخدمين هذه؟ اختَر جميع الإجابات المناسبة. / إدارة الحساب